dataset,metric,mean,std,min,max
NSL-KDD,accuracy,0.982257,0.00237,0.97234,0.985268
NSL-KDD,precision_macro,0.92939,0.018762,0.858773,0.960338
NSL-KDD,precision_weighted,0.982487,0.002209,0.972399,0.9852
NSL-KDD,recall_macro,0.85032,0.025261,0.76866,0.887256
NSL-KDD,recall_weighted,0.982257,0.00237,0.97234,0.985268
NSL-KDD,f1_macro,0.877132,0.017326,0.801333,0.899197
NSL-KDD,f1_weighted,0.982114,0.002417,0.971241,0.985148
UNSW-NB15,accuracy,0.805196,0.004368,0.792636,0.810678
UNSW-NB15,precision_macro,0.743993,0.021427,0.724018,0.820825
UNSW-NB15,precision_weighted,0.805708,0.011619,0.785836,0.845008
UNSW-NB15,recall_macro,0.709965,0.025139,0.674382,0.76423
UNSW-NB15,recall_weighted,0.805196,0.004368,0.792636,0.810678
UNSW-NB15,f1_macro,0.69551,0.030861,0.652888,0.747685
UNSW-NB15,f1_weighted,0.788802,0.010838,0.770899,0.807034
