seed,dataset,accuracy,precision_macro,precision_weighted,recall_macro,recall_weighted,f1_macro,f1_weighted,train_accuracy,val_accuracy,test_loss,elapsed_seconds
1,NSL-KDD,0.9839213573929437,0.9290892850557254,0.984264809514279,0.8816626743160223,0.9839213573929437,0.8991969675497591,0.9840355946534547,0.9846704006195068,0.9844689965248108,0.12509241700172424,1012.7984415999963
2,NSL-KDD,0.9844061405871263,0.9209877103873557,0.984572222874093,0.8620723307233646,0.9844061405871263,0.8831026230148528,0.9844413310528649,0.9856579899787903,0.9841996431350708,0.15996284782886505,1012.7984415999963
3,NSL-KDD,0.9847023969835712,0.9125271841449495,0.9847284875418201,0.878592652168123,0.9847023969835712,0.8931406042623138,0.9847024167576225,0.9860283136367798,0.9857258200645447,0.08391961455345154,1012.7984415999963
4,NSL-KDD,0.9812281174252626,0.9438759320861229,0.9809903015164517,0.8551665976303481,0.9812281174252626,0.8929367697828186,0.9804094200961518,0.9844123125076294,0.9800251126289368,0.05607586354017258,1012.7984415999963
5,NSL-KDD,0.9828979262052249,0.9475444498395381,0.9826120384426593,0.8382069414102318,0.9828979262052249,0.8770360329427694,0.982633475620055,0.9836940765380859,0.982897937297821,0.05820658057928085,1012.7984415999963
6,NSL-KDD,0.9819552922165365,0.94385527750176,0.9818986180033815,0.853986121812461,0.9819552922165365,0.8875453991475382,0.981834252724233,0.9841878414154053,0.9809677600860596,0.10101600736379623,1012.7984415999963
7,NSL-KDD,0.983463506598438,0.9328168626410214,0.9836026467149056,0.8618083434625913,0.983463506598438,0.8866513245585823,0.9834632044327752,0.9853437542915344,0.9845587611198425,0.05882389843463898,1012.7984415999963
8,NSL-KDD,0.9814974414220307,0.9353813220793562,0.9812186657138502,0.8423996320756248,0.9814974414220307,0.8753424686247788,0.9812595505128084,0.9857028722763062,0.9809677600860596,0.1774442493915558,1012.7984415999963
9,NSL-KDD,0.9751952598976569,0.8587728931721264,0.9780079260974295,0.8853068164303786,0.9751952598976569,0.8683024831011281,0.9760999055524842,0.9824820756912231,0.9740999937057495,0.15307560563087463,1012.7984415999963
10,NSL-KDD,0.9823862106113654,0.9556931895547844,0.981958764820381,0.8095522754335945,0.9823862106113654,0.8586040472561786,0.9816211102559348,0.9851529598236084,0.9832121133804321,0.0638955608010292,1012.7984415999963
11,NSL-KDD,0.9829248586049018,0.933863932521751,0.9826333770457739,0.8533379666447599,0.9829248586049018,0.8858591853381437,0.9826226513972889,0.9847265481948853,0.9830774664878845,0.16309033334255219,1012.7984415999963
12,NSL-KDD,0.9841098841906813,0.9471831469522549,0.9839165070289171,0.8469487280196084,0.9841098841906813,0.8813166967520939,0.9839184697957504,0.9844908714294434,0.984738290309906,0.1277543604373932,1012.7984415999963
13,NSL-KDD,0.9852141125774306,0.9293947526975692,0.9850908792380559,0.8649058467851232,0.9852141125774306,0.8902033198856545,0.9851212647275838,0.9855682253837585,0.9851422905921936,0.08451080322265625,1012.7984415999963
14,NSL-KDD,0.9847293293832481,0.9161503320430946,0.984878925873648,0.8804157611273761,0.9847293293832481,0.8948674591564945,0.9847745514203102,0.9852315187454224,0.9853218197822571,0.0955483540892601,1012.7984415999963
15,NSL-KDD,0.9851063829787234,0.9463590901279695,0.9851878871263767,0.860742898292294,0.9851063829787234,0.8901930016417607,0.9850826288884762,0.985556960105896,0.9850525259971619,0.06623796373605728,1012.7984415999963
16,NSL-KDD,0.9819552922165365,0.927835269090647,0.982653052959005,0.8431979042088018,0.9819552922165365,0.8643210328605238,0.9821398901240677,0.9847152829170227,0.9829428195953369,0.06080910935997963,1012.7984415999963
17,NSL-KDD,0.9839482897926205,0.899901462747507,0.9843921132214553,0.8872563362346779,0.9839482897926205,0.8921537839398322,0.984127857134562,0.9840644001960754,0.9834365844726562,0.05005762353539467,1012.7984415999963
18,NSL-KDD,0.978588742256935,0.9042854605183368,0.9781244078468692,0.7686599738446959,0.978588742256935,0.8013327095833777,0.9780125063192073,0.982717752456665,0.9786336421966553,0.09529906511306763,1012.7984415999963
19,NSL-KDD,0.9834365741987611,0.9369697867177594,0.9833956968542991,0.8216593667831369,0.9834365741987611,0.8526327913227796,0.9833080094338965,0.9856916666030884,0.9836161136627197,0.16277532279491425,1012.7984415999963
20,NSL-KDD,0.9812011850255857,0.9603383470702529,0.9808032759132639,0.8370793763767145,0.9812011850255857,0.8853867967828819,0.9803935392761022,0.9848499894142151,0.9813717603683472,0.07528704404830933,1012.7984415999963
21,NSL-KDD,0.9838136277942364,0.9314822957326543,0.9846752064166946,0.8561177844464385,0.9838136277942364,0.874960125540874,0.9840512345142265,0.9843562245368958,0.9845138788223267,0.07307375967502594,1012.7984415999963
22,NSL-KDD,0.9828709938055481,0.9318579545471334,0.9829257029802065,0.8658529055778423,0.9828709938055481,0.8899323391618472,0.9828449556220663,0.9837614297866821,0.9839303493499756,0.06596768647432327,1012.7984415999963
23,NSL-KDD,0.981739833019122,0.951551359549143,0.9813275373412519,0.8400894184264465,0.981739833019122,0.8846701488437292,0.980979686619414,0.9824933409690857,0.9812371134757996,0.08699801564216614,1012.7984415999963
24,NSL-KDD,0.982736331807164,0.9276677448334487,0.9821557007010104,0.8341886492059649,0.982736331807164,0.8714968068216645,0.982250744118756,0.9848724007606506,0.9839303493499756,0.12955914437770844,1012.7984415999963
25,NSL-KDD,0.9781308914624293,0.8895494343852128,0.9820783129015485,0.8813242640811924,0.9781308914624293,0.8733692864884924,0.9793298793360338,0.9850295186042786,0.9785887598991394,0.08856287598609924,1012.7984415999963
26,NSL-KDD,0.9840021545919742,0.92586016445482,0.98431415716241,0.8522654827284238,0.9840021545919742,0.8743957200478685,0.9840594437687463,0.9841317534446716,0.9836609959602356,0.07643899321556091,1012.7984415999963
27,NSL-KDD,0.9821438190142742,0.9012992792792967,0.9824796367755876,0.8734580100226195,0.9821438190142742,0.8840235771433862,0.9822471499052782,0.9854223132133484,0.9830325841903687,0.06988460570573807,1012.7984415999963
28,NSL-KDD,0.9831941826016698,0.9441336709878099,0.9831563602325062,0.8426621954542066,0.9831941826016698,0.8753822554068792,0.9830971439263068,0.9824708700180054,0.983526349067688,0.05574547499418259,1012.7984415999963
29,NSL-KDD,0.9845138701858336,0.9370892968807144,0.9852004469016,0.8705906399816286,0.9845138701858336,0.8898837074089266,0.9847108512550795,0.9854223132133484,0.9841547608375549,0.16143910586833954,1012.7984415999963
30,NSL-KDD,0.9837058981955292,0.9432423333455178,0.9836529011702139,0.8618152281511838,0.9837058981955292,0.8911995789297574,0.983617738922069,0.9847938418388367,0.9833018779754639,0.10036642104387283,1012.7984415999963
31,NSL-KDD,0.9829248586049018,0.9498263243680558,0.9825927087722239,0.8442774709636092,0.9829248586049018,0.8831196992011904,0.9826070719306317,0.9832227826118469,0.982628583908081,0.052014656364917755,1012.7984415999963
32,NSL-KDD,0.9723404255319149,0.9458320386989312,0.972398508060876,0.7983965053090436,0.9723404255319149,0.8534907914790466,0.9712407072350232,0.9849060773849487,0.9729329347610474,0.10161647945642471,1012.7984415999963
33,NSL-KDD,0.9812011850255857,0.9128526944385704,0.9820301083726635,0.8477873245442857,0.9812011850255857,0.8652198496581519,0.9814561082599011,0.9833911061286926,0.9824939370155334,0.11244455724954605,1012.7984415999963
34,NSL-KDD,0.9802585510368974,0.9418957605254139,0.9797715463302608,0.8254719014979063,0.9802585510368974,0.869301011450677,0.9794495619422781,0.9829646348953247,0.9816859364509583,0.1503438502550125,1012.7984415999963
35,NSL-KDD,0.984594667384864,0.9409819801539173,0.9841693164467088,0.8370120777277904,0.984594667384864,0.8754420078925194,0.984175889194104,0.9849846363067627,0.9846934080123901,0.11324453353881836,1012.7984415999963
36,NSL-KDD,0.9821976838136278,0.9313655009510228,0.9830801826692391,0.8674785527398224,0.9821976838136278,0.8853031757635517,0.982469319896878,0.9853662252426147,0.9834365844726562,0.1195375844836235,1012.7984415999963
37,NSL-KDD,0.9841098841906813,0.9438844464175519,0.9836664042664202,0.8563084602455945,0.9841098841906813,0.8918961586302794,0.9837439881098295,0.9852539896965027,0.9837507605552673,0.052675388753414154,1012.7984415999963
38,NSL-KDD,0.9813627794236467,0.9416549963543501,0.9810070442281557,0.8196567055143712,0.9813627794236467,0.866637085352519,0.9803629679371396,0.9845582246780396,0.980204701423645,0.11037194728851318,1012.7984415999963
39,NSL-KDD,0.983598168596822,0.8937677647525252,0.9830827254694001,0.8565309675167765,0.983598168596822,0.8734703800535136,0.9831317889073901,0.9855120778083801,0.9836609959602356,0.05146704241633415,1012.7984415999963
40,NSL-KDD,0.9837866953945597,0.9473213795271462,0.983363779152832,0.8103213168315208,0.9837866953945597,0.8511624911402922,0.9833334097678997,0.984625518321991,0.9828081727027893,0.0508665107190609,1012.7984415999963
41,NSL-KDD,0.9852679773767843,0.9373824793376485,0.9851314337370166,0.8691230212407337,0.9852679773767843,0.8957939798040746,0.9851484994581184,0.9859946370124817,0.9856809377670288,0.0458737388253212,1012.7984415999963
42,NSL-KDD,0.9848909237813089,0.9175985016881768,0.9845522602919792,0.858956979734003,0.9848909237813089,0.8840419606204923,0.984199629227291,0.9853774309158325,0.9844689965248108,0.048263873904943466,1012.7984415999963
43,NSL-KDD,0.9837058981955292,0.9171486070437043,0.9832794775188729,0.8568827174104016,0.9837058981955292,0.8832025108914772,0.9833897729700675,0.9840083122253418,0.9827183485031128,0.1274876743555069,1012.7984415999963
44,NSL-KDD,0.9826555346081336,0.9405361525605069,0.9832743819840144,0.8654189337677789,0.9826555346081336,0.8890555650052125,0.982806452186007,0.9855682253837585,0.9827632308006287,0.11168739944696426,1012.7984415999963
45,NSL-KDD,0.9833557769997306,0.9429911194205053,0.9829900591483877,0.827960662045531,0.9833557769997306,0.8736419762355343,0.9826301740368815,0.9853998422622681,0.9824490547180176,0.0995173528790474,1012.7984415999963
46,NSL-KDD,0.9817667654187988,0.9233818503959735,0.9820382006643099,0.8510990940737457,0.9817667654187988,0.8746996196229624,0.9818300655326148,0.983997106552124,0.9824490547180176,0.05430801585316658,1012.7984415999963
47,NSL-KDD,0.9839482897926205,0.9172632718602772,0.9844714643483713,0.8739873712080113,0.9839482897926205,0.8882886096394621,0.9841121413112277,0.9852315187454224,0.9837956428527832,0.13328854739665985,1012.7984415999963
48,NSL-KDD,0.9806894694317264,0.91987140388031,0.9830564644545128,0.8743552480713067,0.9806894694317264,0.8807898857686659,0.9813990340436488,0.9843000769615173,0.980204701423645,0.19086086750030518,1012.7984415999963
49,NSL-KDD,0.9795044438459467,0.9098525042193415,0.9834503262395666,0.870060003619964,0.9795044438459467,0.8692006156878239,0.9806723053823394,0.986017107963562,0.979935348033905,0.08227793872356415,1012.7984415999963
50,NSL-KDD,0.9822246162133046,0.9241550569321284,0.9815738857260976,0.7717962780760748,0.9822246162133046,0.8148521942069245,0.9812588278687332,0.984737753868103,0.9822245836257935,0.08058162778615952,1012.7984415999963
51,NSL-KDD,0.9777538378669539,0.9483288997289323,0.9775095816015741,0.8220227390544356,0.9777538378669539,0.8701373387928664,0.9767219425163568,0.9837951064109802,0.9778256416320801,0.1779530644416809,1012.7984415999963
52,NSL-KDD,0.9820091570158901,0.9516002940256655,0.9815361795610439,0.8189784666381815,0.9820091570158901,0.8650029489177585,0.9813715289728527,0.9852091073989868,0.9821348190307617,0.06515906006097794,1012.7984415999963
53,NSL-KDD,0.983167250201993,0.9166450850822769,0.9845423936629599,0.870635081691096,0.983167250201993,0.8815525795184266,0.9835980720985043,0.9853774309158325,0.9835712313652039,0.09035344421863556,1012.7984415999963
54,NSL-KDD,0.9834904389981147,0.9396687526844476,0.9835884421167452,0.8529904160041764,0.9834904389981147,0.88073244934883,0.9834498920549387,0.984546959400177,0.9846036434173584,0.11608406901359558,1012.7984415999963
55,NSL-KDD,0.9817936978184756,0.930374457395204,0.9816556105154796,0.8581140875574423,0.9817936978184756,0.8871606641569345,0.981646700969032,0.9834696650505066,0.9808779954910278,0.10502311587333679,1012.7984415999963
56,NSL-KDD,0.9817667654187988,0.9417741345829459,0.9817437926903327,0.8665610530877782,0.9817667654187988,0.8967151742268669,0.9816715958268551,0.9830768704414368,0.9810575246810913,0.14731049537658691,1012.7984415999963
57,NSL-KDD,0.9798814974414221,0.9012065523377485,0.9820952154699548,0.8844208814284557,0.9798814974414221,0.8844602038728067,0.9805872297620172,0.9840980768203735,0.9796660542488098,0.15382221341133118,1012.7984415999963
58,NSL-KDD,0.9812011850255857,0.8877536663753613,0.9811891524848014,0.8801117654084776,0.9812011850255857,0.8837632186956588,0.9811221509342184,0.9851080775260925,0.9819552898406982,0.12345130741596222,1012.7984415999963
59,NSL-KDD,0.9845677349851871,0.9304053936461123,0.9847825255777914,0.874522184233111,0.9845677349851871,0.8950072782206379,0.9846222634746717,0.9848724007606506,0.9848280549049377,0.10806646943092346,1012.7984415999963
60,NSL-KDD,0.9799622946404525,0.9392644428353023,0.9795760467855092,0.8286451087173903,0.9799622946404525,0.8701614967532126,0.9794912790063169,0.9843898415565491,0.9790825247764587,0.11705891042947769,1012.7984415999963
61,NSL-KDD,0.9808241314301104,0.9267454880691808,0.9805003865538433,0.8378821945021395,0.9808241314301104,0.8697185841627817,0.9805847201882268,0.9827065467834473,0.9809228777885437,0.15775620937347412,1012.7984415999963
62,NSL-KDD,0.9822246162133046,0.9267075982260995,0.98281395374118,0.8258216939228336,0.9822246162133046,0.8491890276356969,0.9823578789852745,0.9851305484771729,0.9828081727027893,0.09276214987039566,1012.7984415999963
63,NSL-KDD,0.978319418260167,0.9309686448188342,0.9788300124692305,0.842460345085103,0.978319418260167,0.8684486448000271,0.9784398127852963,0.9842103123664856,0.9800699949264526,0.08566003292798996,1012.7984415999963
64,NSL-KDD,0.9833827093994075,0.943421448749169,0.9829406612539555,0.8631016467336279,0.9833827093994075,0.8963777756148137,0.9830169890015735,0.9847265481948853,0.9829877018928528,0.09408756345510483,1012.7984415999963
1,UNSW-NB15,0.807372355826365,0.7347955369926817,0.79701266494975,0.6904441009209121,0.807372355826365,0.6715154459304331,0.7802652369495215,0.8051479458808899,0.8067989945411682,0.4213108420372009,1014.0465753999888
2,UNSW-NB15,0.8004796784857717,0.7445052290583126,0.8217987656177403,0.7585503373395259,0.8004796784857717,0.7465347316091939,0.8070343149013668,0.8044816851615906,0.7967877984046936,0.42517080903053284,1014.0465753999888
3,UNSW-NB15,0.8077396771893434,0.7360422857669678,0.8056800242856414,0.7199740659165335,0.8077396771893434,0.7144740696080186,0.7987978793845818,0.8050668835639954,0.8057546615600586,0.4240988790988922,1014.0465753999888
4,UNSW-NB15,0.807761284328342,0.7535143116676946,0.7981758789672885,0.6743820443762225,0.807761284328342,0.6528875223654134,0.7713808874823095,0.8065434098243713,0.8053945302963257,0.4204619228839874,1014.0465753999888
5,UNSW-NB15,0.8005228927637692,0.7362621152489763,0.8099166353589524,0.7183148894543161,0.8005228927637692,0.7079203379501122,0.7922473501741283,0.8024020195007324,0.7975440621376038,0.4371163845062256,1014.0465753999888
6,UNSW-NB15,0.8089064626952746,0.7842230781142374,0.8188515608014955,0.6894181364830155,0.8089064626952746,0.6616433199494681,0.7770682482845034,0.8049858808517456,0.8086715936660767,0.4222020208835602,1014.0465753999888
7,UNSW-NB15,0.7989023573388647,0.740417407131849,0.8166381267102812,0.754148375661366,0.7989023573388647,0.7440642444570502,0.8055174395827996,0.8059942126274109,0.798552393913269,0.41927167773246765,1014.0465753999888
8,UNSW-NB15,0.8013439640457207,0.7394936902248299,0.8129686168788641,0.7497897524205236,0.8013439640457207,0.7430223254081452,0.806002905531491,0.8058591485023499,0.7989124655723572,0.4211856424808502,1014.0465753999888
9,UNSW-NB15,0.807761284328342,0.7240184703090394,0.7917590888886328,0.6895369109907853,0.807761284328342,0.6684864114679044,0.7792956694201847,0.8043106198310852,0.8070510625839233,0.42600777745246887,1014.0465753999888
10,UNSW-NB15,0.8052116419264925,0.729073391202437,0.7889115639073685,0.6870257598796671,0.8052116419264925,0.6850572493061989,0.7837821872943643,0.8071916103363037,0.8075191974639893,0.4237114191055298,1014.0465753999888
11,UNSW-NB15,0.8106134266761738,0.7874427639300972,0.8204000434787195,0.6906169230560628,0.8106134266761738,0.6635920136354219,0.7787244073098138,0.8064353466033936,0.8091037273406982,0.4162748157978058,1014.0465753999888
12,UNSW-NB15,0.8024459281346557,0.7332185406215501,0.8007800040121521,0.7281366951262406,0.8024459281346557,0.7302947416030374,0.8013157656220706,0.8050668835639954,0.7997047305107117,0.4249594807624817,1014.0465753999888
13,UNSW-NB15,0.8041744992545538,0.7264941686797016,0.7985050506116833,0.7158966942116132,0.8041744992545538,0.7133932203370679,0.796953713449234,0.8050128817558289,0.8048903942108154,0.42520490288734436,1014.0465753999888
14,UNSW-NB15,0.8077396771893434,0.7413147975847185,0.8023653319697974,0.697340028486065,0.8077396771893434,0.6775043170747524,0.7830301299402455,0.8068224787712097,0.8078433275222778,0.4207305312156677,1014.0465753999888
15,UNSW-NB15,0.81067824809317,0.7516492307680196,0.8069002403353406,0.6949066932412681,0.81067824809317,0.6666215590080272,0.7801226306717358,0.8057511448860168,0.8095358610153198,0.41993388533592224,1014.0465753999888
16,UNSW-NB15,0.7984486074198915,0.7428459326311263,0.8146307972241569,0.7541565919783375,0.7984486074198915,0.7443318136512944,0.8041596037115041,0.8049408793449402,0.7960315942764282,0.4249465763568878,1014.0465753999888
17,UNSW-NB15,0.8081069985523217,0.7307694142064349,0.798962766064387,0.7039206952512064,0.8081069985523217,0.6887761468355259,0.7884081059020775,0.8040135502815247,0.8080593943595886,0.4259181320667267,1014.0465753999888
18,UNSW-NB15,0.8042825349495474,0.7379433358854026,0.8097049945181144,0.7408193885465968,0.8042825349495474,0.7380380558892301,0.8059525634421815,0.8074346780776978,0.8020814657211304,0.418940007686615,1014.0465753999888
19,UNSW-NB15,0.7974114647479528,0.7402001440297613,0.8122267701909293,0.7514651072679827,0.7974114647479528,0.742334009172545,0.8027670812439599,0.8056520819664001,0.7988404631614685,0.42399218678474426,1014.0465753999888
20,UNSW-NB15,0.8081934271083165,0.7312422715141393,0.7962539198285776,0.7032835619694108,0.8081934271083165,0.6977644982481499,0.7917300339881274,0.8058321475982666,0.8078793287277222,0.4197899401187897,1014.0465753999888
21,UNSW-NB15,0.8076100343553511,0.7358915371532866,0.8051885754011434,0.7060127934789643,0.8076100343553511,0.689362785627131,0.7882552466958004,0.8063363432884216,0.8057546615600586,0.42036524415016174,1014.0465753999888
22,UNSW-NB15,0.8038719993085716,0.7296526074994267,0.8041739760669016,0.7087708160668926,0.8038719993085716,0.6926770501355992,0.7880288740551876,0.8048418164253235,0.8029097318649292,0.42619654536247253,1014.0465753999888
23,UNSW-NB15,0.7969577148289795,0.7451881172707026,0.8220384632113755,0.7642297761136878,0.7969577148289795,0.7476854614757957,0.8048419200533936,0.8062372803688049,0.7953473329544067,0.4235907793045044,1014.0465753999888
24,UNSW-NB15,0.8072859272703702,0.7370864968793869,0.8077903374957249,0.7110888853891094,0.8072859272703702,0.6983416849055902,0.7919811426847695,0.8066784143447876,0.8053585290908813,0.42179325222969055,1014.0465753999888
25,UNSW-NB15,0.8102461053131955,0.7377445545027955,0.8047893678128357,0.7056938821216964,0.8102461053131955,0.6868844077847883,0.7886096992320861,0.8075157403945923,0.8079873323440552,0.41586920619010925,1014.0465753999888
26,UNSW-NB15,0.8086471770272898,0.7380617677190968,0.8005097386154243,0.693451488392128,0.8086471770272898,0.6735705018446287,0.7819560290376727,0.8053910136222839,0.8087435960769653,0.4220699071884155,1014.0465753999888
27,UNSW-NB15,0.8082582485253128,0.7402145517526141,0.800314805827852,0.7065587553590733,0.8082582485253128,0.7109946823712189,0.7964842653397217,0.8065614104270935,0.8053945302963257,0.4224904179573059,1014.0465753999888
28,UNSW-NB15,0.8059678917914479,0.737065012190409,0.7939672802658903,0.684918448058143,0.8059678917914479,0.6788671906600646,0.781787875348588,0.8051479458808899,0.8033418655395508,0.4262343943119049,1014.0465753999888
29,UNSW-NB15,0.8070914630193816,0.7370163022969907,0.8024049432894559,0.6974105914826548,0.8070914630193816,0.6683460159517217,0.7797594766516752,0.8037884831428528,0.8054665327072144,0.42436957359313965,1014.0465753999888
30,UNSW-NB15,0.7926362870292345,0.7422715614328331,0.8215175170171038,0.7626391584828892,0.7926362870292345,0.7442481805225941,0.8012071419348451,0.802699089050293,0.7941229939460754,0.4309118688106537,1014.0465753999888
31,UNSW-NB15,0.8030077137486226,0.7395290299281656,0.8072328023202204,0.7391074175900015,0.8030077137486226,0.7385961239903616,0.8047007028675914,0.8061742782592773,0.8013972640037537,0.4225400984287262,1014.0465753999888
32,UNSW-NB15,0.8062055703204338,0.7368091220419974,0.8052209515757075,0.7323902624949653,0.8062055703204338,0.7337803206203011,0.8051371595051934,0.8075427412986755,0.8034859299659729,0.41803544759750366,1014.0465753999888
33,UNSW-NB15,0.8015384282967092,0.7340406619056967,0.7913381234251631,0.6979661309593145,0.8015384282967092,0.7055063058467363,0.789214282294817,0.8055440783500671,0.799020528793335,0.4296042323112488,1014.0465753999888
34,UNSW-NB15,0.7997882500378125,0.7302810802438341,0.8050622344177233,0.713917912559343,0.7997882500378125,0.7036801940580238,0.7905869767129642,0.8062282800674438,0.8007850646972656,0.42990124225616455,1014.0465753999888
35,UNSW-NB15,0.806983427324388,0.7961545036295987,0.8204364789488651,0.6809517115224655,0.806983427324388,0.6556509456474681,0.7732086064357334,0.8060122132301331,0.807627260684967,0.4283991754055023,1014.0465753999888
36,UNSW-NB15,0.8090144983902682,0.7929368466413244,0.8280765830616447,0.6962546430943922,0.8090144983902682,0.6647781366209442,0.7786922876231506,0.8064263463020325,0.8080233931541443,0.41901448369026184,1014.0465753999888
37,UNSW-NB15,0.8095978911432338,0.7304749450532415,0.7931581022345089,0.6912650816932573,0.8095978911432338,0.674365262623837,0.782729424486415,0.8069125413894653,0.8089236617088318,0.4179519712924957,1014.0465753999888
38,UNSW-NB15,0.8094682483092414,0.7355634866659433,0.7979230895586154,0.6977161872616472,0.8094682483092414,0.6803225473215324,0.7849951492207241,0.8060932159423828,0.8079873323440552,0.42081937193870544,1014.0465753999888
39,UNSW-NB15,0.8072211058533739,0.8208245017275141,0.8450079332781079,0.698855099655723,0.8072211058533739,0.6651161138963129,0.7779120093120124,0.8056070804595947,0.8037739992141724,0.4242478013038635,1014.0465753999888
40,UNSW-NB15,0.8093602126142477,0.739189355159648,0.8015773870884618,0.6954945410557555,0.8093602126142477,0.6728807823317381,0.7820266445335017,0.8064533472061157,0.8063308000564575,0.41970571875572205,1014.0465753999888
41,UNSW-NB15,0.8086471770272898,0.7327757466434569,0.7994869596659782,0.7005268115885473,0.8086471770272898,0.6852600619985478,0.7871989951877808,0.8043556809425354,0.8056105971336365,0.42154747247695923,1014.0465753999888
42,UNSW-NB15,0.8042825349495474,0.7257728080967012,0.7909795101938222,0.7011190864492638,0.8042825349495474,0.6952765056976022,0.7883880873920417,0.8054990172386169,0.803629994392395,0.426478773355484,1014.0465753999888
43,UNSW-NB15,0.8086687841662885,0.7329841753728645,0.8035183560424097,0.7056788525105959,0.8086687841662885,0.6819954437382268,0.78616854814918,0.806246280670166,0.8070870637893677,0.42105329036712646,1014.0465753999888
44,UNSW-NB15,0.8101380696182019,0.7450439523334184,0.7988825296575843,0.6867839721569078,0.8101380696182019,0.6635409243504583,0.7779858344470171,0.8058951497077942,0.8093917965888977,0.4198460578918457,1014.0465753999888
45,UNSW-NB15,0.7992048572848469,0.737404772856131,0.8071068806285095,0.7402269270539888,0.7992048572848469,0.7382333318570998,0.8026612643537088,0.8029962182044983,0.795635461807251,0.43285825848579407,1014.0465753999888
46,UNSW-NB15,0.8078693200233357,0.7769787120622833,0.8136202426435669,0.6887145898043975,0.8078693200233357,0.6621505147985136,0.7762253991903018,0.8046077489852905,0.8034139275550842,0.4302976429462433,1014.0465753999888
47,UNSW-NB15,0.8085607484712949,0.7501949413627964,0.8032572799422185,0.6890095480436119,0.8085607484712949,0.6667531169296956,0.778796009887217,0.8047428131103516,0.8069429993629456,0.42526790499687195,1014.0465753999888
48,UNSW-NB15,0.8017328925476978,0.7346319326507553,0.8016680450452671,0.6927224529769582,0.8017328925476978,0.6658842529329163,0.7755502138472107,0.804175615310669,0.8003889322280884,0.43248623609542847,1014.0465753999888
49,UNSW-NB15,0.795272357987079,0.7468425066619341,0.8194857300434975,0.7612158341361752,0.795272357987079,0.7447099848034741,0.8016920465501972,0.8063543438911438,0.7945911288261414,0.4269605875015259,1014.0465753999888
50,UNSW-NB15,0.8044986063395346,0.7352237764484792,0.8082261427789842,0.7268187013417735,0.8044986063395346,0.7237110015260735,0.8011316949490217,0.8056610822677612,0.8030897974967957,0.42375412583351135,1014.0465753999888
51,UNSW-NB15,0.8047362848685206,0.7242956239712735,0.78583581414875,0.6837744114421289,0.8047362848685206,0.6722215825753717,0.7784672397828677,0.8056430816650391,0.8044221997261047,0.4235260784626007,1014.0465753999888
52,UNSW-NB15,0.8075236057993561,0.7307560426746429,0.7915089485199654,0.6874301712818436,0.8075236057993561,0.670656827554915,0.7793676055354036,0.8063543438911438,0.8056465983390808,0.4241459369659424,1014.0465753999888
53,UNSW-NB15,0.8060111060694454,0.7274783619076465,0.7916945874807579,0.686027606694996,0.8060111060694454,0.6640349675575655,0.7766166722299664,0.8058231472969055,0.804818332195282,0.4250030517578125,1014.0465753999888
54,UNSW-NB15,0.8056221775674683,0.736100711438992,0.8084146720876231,0.7357396143586855,0.8056221775674683,0.733541252249054,0.8053682571698176,0.8053820133209229,0.8033058643341064,0.4209062159061432,1014.0465753999888
55,UNSW-NB15,0.8096843196992286,0.7307931370778131,0.7941391989635298,0.691656610922569,0.8096843196992286,0.6673282627884083,0.7798084922478272,0.807227611541748,0.809787929058075,0.42331552505493164,1014.0465753999888
56,UNSW-NB15,0.8103757481471878,0.7371427089505852,0.795899834825032,0.688391184856527,0.8103757481471878,0.6772503047892855,0.7836122220894525,0.8081099390983582,0.808095395565033,0.4214133620262146,1014.0465753999888
57,UNSW-NB15,0.8059030703744517,0.7381655296327132,0.8096805809611296,0.7169697224081435,0.8059030703744517,0.70068185386105,0.7920640084660331,0.8059582114219666,0.8047823309898376,0.42192962765693665,1014.0465753999888
58,UNSW-NB15,0.8095114625872388,0.8185935583330697,0.8369543209390998,0.6940925270002871,0.8095114625872388,0.6638536674642409,0.7785704858048559,0.8047248125076294,0.808203399181366,0.4225378930568695,1014.0465753999888
59,UNSW-NB15,0.7943432510101337,0.7417106709459417,0.8090251722626168,0.7450039521949271,0.7943432510101337,0.7359322231876358,0.797233880091316,0.8061022758483887,0.7950232625007629,0.4251353144645691,1014.0465753999888
60,UNSW-NB15,0.8072643201313714,0.735358299146379,0.8018886334155502,0.6993756496797676,0.8072643201313714,0.6723805260108653,0.781228754625534,0.8045086860656738,0.806402862071991,0.4255281090736389,1014.0465753999888
61,UNSW-NB15,0.8062919988764288,0.792144451164272,0.8167755825125314,0.6754048644801879,0.8062919988764288,0.6529317108464555,0.7708985631085224,0.8059672117233276,0.8063308000564575,0.42893365025520325,1014.0465753999888
62,UNSW-NB15,0.7989023573388647,0.7433715390314599,0.8139068530186467,0.752606682971696,0.7989023573388647,0.7440372490202277,0.8042809973430188,0.8072366118431091,0.799020528793335,0.42217007279396057,1014.0465753999888
63,UNSW-NB15,0.8035262850845919,0.7312580695915283,0.7957456350278861,0.71421504059701,0.8035262850845919,0.7194706336762817,0.7974313710192177,0.8066874146461487,0.8020814657211304,0.42406782507896423,1014.0465753999888
64,UNSW-NB15,0.8051252133704976,0.729067562592436,0.7874180009071431,0.6774410534802466,0.8051252133704976,0.6669122429271014,0.7759363865484769,0.8067774772644043,0.8039900660514832,0.42431220412254333,1014.0465753999888
