model,dataset,metric,replication_value,unit,run_status,protocol
dnn,nsl,accuracy,0.9936708860759492,proportion,generated,paper_multiclass
dnn,nsl,loss,0.0332329161465168,proportion,generated,paper_multiclass
dnn,nsl,precision_weighted,0.9938015969361328,proportion,generated,paper_multiclass
dnn,nsl,recall_weighted,0.9936708860759492,proportion,generated,paper_multiclass
dnn,nsl,f1_weighted,0.9936195649768093,proportion,generated,paper_multiclass
dnn,nsl,train_seconds,7.545912875008071,seconds,generated,paper_multiclass
dnn,nsl,inference_seconds,0.286623124993639,seconds,generated,paper_multiclass
dnn,nsl,feature_count,36.0,proportion,generated,paper_multiclass
dnn,nsl,precision_DoS,0.997677032596478,proportion,generated,paper_multiclass
dnn,nsl,recall_DoS,0.9975275342773656,proportion,generated,paper_multiclass
dnn,nsl,f1_DoS,0.9976022778360556,proportion,generated,paper_multiclass
dnn,nsl,precision_Normal,0.9976030430931164,proportion,generated,paper_multiclass
dnn,nsl,recall_Normal,0.9938226744186046,proportion,generated,paper_multiclass
dnn,nsl,f1_Normal,0.995709270575998,proportion,generated,paper_multiclass
dnn,nsl,precision_Probe,0.9866628830874008,proportion,generated,paper_multiclass
dnn,nsl,recall_Probe,0.9880647911338448,proportion,generated,paper_multiclass
dnn,nsl,f1_Probe,0.9873633394860144,proportion,generated,paper_multiclass
dnn,nsl,precision_R2L,0.8978240302743614,proportion,generated,paper_multiclass
dnn,nsl,recall_R2L,0.9783505154639176,proportion,generated,paper_multiclass
dnn,nsl,f1_R2L,0.9363591514553528,proportion,generated,paper_multiclass
dnn,nsl,precision_U2R,0.7692307692307693,proportion,generated,paper_multiclass
dnn,nsl,recall_U2R,0.3333333333333333,proportion,generated,paper_multiclass
dnn,nsl,f1_U2R,0.4651162790697674,proportion,generated,paper_multiclass
dnn,unsw,accuracy,0.8103757481471878,proportion,generated,paper_multiclass
dnn,unsw,loss,0.4365902543067932,proportion,generated,paper_multiclass
dnn,unsw,precision_weighted,0.8015553202902378,proportion,generated,paper_multiclass
dnn,unsw,recall_weighted,0.8103757481471878,proportion,generated,paper_multiclass
dnn,unsw,f1_weighted,0.7815345122391738,proportion,generated,paper_multiclass
dnn,unsw,train_seconds,9.198863208992407,seconds,generated,paper_multiclass
dnn,unsw,inference_seconds,0.34614683399559,seconds,generated,paper_multiclass
dnn,unsw,feature_count,38.0,proportion,generated,paper_multiclass
dnn,unsw,precision_DoS,0.502262443438914,proportion,generated,paper_multiclass
dnn,unsw,recall_DoS,0.027152641878669274,proportion,generated,paper_multiclass
dnn,unsw,f1_DoS,0.05152007426317011,proportion,generated,paper_multiclass
dnn,unsw,precision_Exploits,0.6692746745334445,proportion,generated,paper_multiclass
dnn,unsw,recall_Exploits,0.9375617644416494,proportion,generated,paper_multiclass
dnn,unsw,f1_Exploits,0.7810208052686723,proportion,generated,paper_multiclass
dnn,unsw,precision_Fuzzers,0.6428571428571429,proportion,generated,paper_multiclass
dnn,unsw,recall_Fuzzers,0.6725503134279116,proportion,generated,paper_multiclass
dnn,unsw,f1_Fuzzers,0.6573685907771687,proportion,generated,paper_multiclass
dnn,unsw,precision_Generic,0.9990159901599016,proportion,generated,paper_multiclass
dnn,unsw,recall_Generic,0.97464,proportion,generated,paper_multiclass
dnn,unsw,f1_Generic,0.9866774650739016,proportion,generated,paper_multiclass
dnn,unsw,precision_Normal,0.8967309304274937,proportion,generated,paper_multiclass
dnn,unsw,recall_Normal,0.85584,proportion,generated,paper_multiclass
dnn,unsw,f1_Normal,0.8758084322554237,proportion,generated,paper_multiclass
