experiment_id,dataset,model,seed,batch_size,epochs,split_mode,train_time_sec,test_loss,test_accuracy,precision_macro,recall_macro,f1_macro,precision_weighted,recall_weighted,f1_weighted,paper_accuracy,paper_decimals,raw_error,absolute_error,rounding_aware_error,matches_paper_rounding
NSL_SELECTED_DNN,nsl_kdd,DNN,36,128,20,canonical,0.87,0.0971249416470527,0.9891998168547496,0.9257173461183316,0.885388671470315,0.9033990192732784,0.9890313844587432,0.9891998168547496,0.989088627364123,0.993,3,-0.0038001831452504353,0.0038001831452504353,0.0033001831452504904,False
NSL_SELECTED_DNN,nsl_kdd,DNN,48,128,20,canonical,0.87,0.0901203379034996,0.9891190174795982,0.9484629618213908,0.8857516625664529,0.9111568722715626,0.9889841636327196,0.9891190174795982,0.9889884488497106,0.993,3,-0.00388098252040181,0.00388098252040181,0.003380982520401865,False
NSL_SELECTED_DNN,nsl_kdd,DNN,14,128,20,canonical,0.87,0.0820081233978271,0.988795819978992,0.9306425385459728,0.8935936188299021,0.9101618688255132,0.9886496658426912,0.988795819978992,0.9886977997676132,0.993,3,-0.004204180021007975,0.004204180021007975,0.00370418002100803,False
NSL_SELECTED_DNN,nsl_kdd,DNN,31,128,20,canonical,0.87,0.0893144384026527,0.9887688868539416,0.925415380982606,0.8800384893719319,0.9005389163902733,0.9885306042463984,0.9887688868539416,0.9885781934481797,0.993,3,-0.004231113146058396,0.004231113146058396,0.0037311131460584512,False
NSL_SELECTED_DNN,nsl_kdd,DNN,37,128,20,canonical,0.87,0.1008825004100799,0.9887419537288912,0.943676836858826,0.8870294367024536,0.911150637622341,0.9885687479346078,0.9887419537288912,0.988595403051925,0.993,3,-0.004258046271108817,0.004258046271108817,0.0037580462711088725,False
NSL_SELECTED_DNN,nsl_kdd,DNN,9,128,20,canonical,0.87,0.1238285675644874,0.9887150206038406,0.9273782986517194,0.8867573589107606,0.9048333707400288,0.9885377981304924,0.9887150206038406,0.9885972887790322,0.993,3,-0.00428497939615935,0.00428497939615935,0.0037849793961594047,False
NSL_SELECTED_DNN,nsl_kdd,DNN,22,128,20,canonical,0.87,0.1861275732517242,0.9886072881036386,0.9391864790906836,0.8844762048472627,0.9088389792071964,0.9883741986349784,0.9886072881036386,0.9884156835734208,0.993,3,-0.004392711896361368,0.004392711896361368,0.0038927118963614227,False
NSL_SELECTED_DNN,nsl_kdd,DNN,46,128,20,canonical,0.87,0.1407483220100402,0.9886072881036386,0.9591413890484636,0.8785129666879751,0.91033077754229,0.988429208732081,0.9886072881036386,0.9884184157890504,0.993,3,-0.004392711896361368,0.004392711896361368,0.0038927118963614227,False
NSL_SELECTED_DNN,nsl_kdd,DNN,11,128,20,canonical,0.87,0.107885867357254,0.9885803549785882,0.9205906596973848,0.8893333101117296,0.9024430686881328,0.988585285574611,0.9885803549785882,0.9885553044973776,0.993,3,-0.004419645021411789,0.004419645021411789,0.003919645021411844,False
NSL_SELECTED_DNN,nsl_kdd,DNN,7,128,20,canonical,0.87,0.1280255317687988,0.9884726224783862,0.9503911162188016,0.8702155582886941,0.9036034462331282,0.9882113018076556,0.9884726224783862,0.9881642783828224,0.993,3,-0.004527377521613807,0.004527377521613807,0.004027377521613862,False
NSL_SELECTED_DNN,nsl_kdd,DNN,45,128,20,canonical,0.87,0.1208650544285774,0.9884726224783862,0.9351688190924634,0.881471124946702,0.9039060121031988,0.9883141915906214,0.9884726224783862,0.9883517118202964,0.993,3,-0.004527377521613807,0.004527377521613807,0.004027377521613862,False
NSL_SELECTED_DNN,nsl_kdd,DNN,27,128,20,canonical,0.87,0.0849488377571106,0.9884456893533357,0.9001296807740264,0.8884786917522904,0.8940661843536647,0.9883616933401173,0.9884456893533357,0.988396354795708,0.993,3,-0.004554310646664339,0.004554310646664339,0.004054310646664394,False
NSL_SELECTED_DNN,nsl_kdd,DNN,42,128,20,canonical,0.87,0.1283725798130035,0.9884456893533357,0.9419414913283484,0.876185027897159,0.9049547478603645,0.9881950052695476,0.9884456893533357,0.9881475340660106,0.993,3,-0.004554310646664339,0.004554310646664339,0.004054310646664394,False
NSL_SELECTED_DNN,nsl_kdd,DNN,52,128,20,canonical,0.87,0.1247676387429237,0.9884187562282852,0.926972566949123,0.9056460731403956,0.9149056343525098,0.9884860561119544,0.9884187562282852,0.988432336155178,0.993,3,-0.00458124377171476,0.00458124377171476,0.004081243771714815,False
NSL_SELECTED_DNN,nsl_kdd,DNN,15,128,20,canonical,0.87,0.1202473789453506,0.9883648899781842,0.9165513113651242,0.8793456501883272,0.8962655266429334,0.988151168748716,0.9883648899781842,0.988208270557248,0.993,3,-0.004635110021815825,0.004635110021815825,0.00413511002181588,False
NSL_SELECTED_DNN,nsl_kdd,DNN,18,128,20,canonical,0.87,0.1464134305715561,0.9883110237280832,0.9427457609102476,0.8849097059590596,0.9073299001315844,0.9882764432083248,0.9883110237280832,0.9882317641474488,0.993,3,-0.004688976271916778,0.004688976271916778,0.004188976271916833,False
NSL_SELECTED_DNN,nsl_kdd,DNN,39,128,20,canonical,0.87,0.1069001927971839,0.9882571574779822,0.9538667112049672,0.8904881019748098,0.915317985192448,0.9882191443619556,0.9882571574779822,0.9881743151186976,0.993,3,-0.004742842522017843,0.004742842522017843,0.004242842522017898,False
NSL_SELECTED_DNN,nsl_kdd,DNN,54,128,20,canonical,0.87,0.1628357768058776,0.9882571574779822,0.9266772531226444,0.890294930214013,0.9059179131064656,0.988175014140016,0.9882571574779822,0.9881844266152188,0.993,3,-0.004742842522017843,0.004742842522017843,0.004242842522017898,False
NSL_SELECTED_DNN,nsl_kdd,DNN,8,128,20,canonical,0.87,0.1732206791639328,0.9882032912278812,0.9181250734739628,0.8935128440993895,0.9045476910098948,0.9881344568365832,0.9882032912278812,0.9881486464947418,0.993,3,-0.004796708772118796,0.004796708772118796,0.004296708772118851,False
NSL_SELECTED_DNN,nsl_kdd,DNN,2,128,20,canonical,0.87,0.0839663967490196,0.98814942497778,0.9263752493580724,0.8843435297693176,0.9032832165582424,0.987933012534084,0.98814942497778,0.9879881522411538,0.993,3,-0.004850575022219972,0.004850575022219972,0.004350575022220027,False
NSL_SELECTED_DNN,nsl_kdd,DNN,40,128,20,canonical,0.87,0.1154670938849449,0.98814942497778,0.916558951903756,0.8940970733917336,0.9040596407877974,0.9881217711909304,0.98814942497778,0.9881168061968476,0.993,3,-0.004850575022219972,0.004850575022219972,0.004350575022220027,False
NSL_SELECTED_DNN,nsl_kdd,DNN,41,128,20,canonical,0.87,0.1094306781888008,0.98814942497778,0.9255449473696644,0.8892598399157864,0.90485379171151,0.9880789284302526,0.98814942497778,0.9880917392408196,0.993,3,-0.004850575022219972,0.004850575022219972,0.004350575022220027,False
NSL_SELECTED_DNN,nsl_kdd,DNN,13,128,20,canonical,0.87,0.0657150000333786,0.9881224918527296,0.922673098774694,0.8880469401055102,0.9031809510123476,0.9880143907526702,0.9881224918527296,0.988042472610054,0.993,3,-0.004877508147270393,0.004877508147270393,0.004377508147270448,False
NSL_SELECTED_DNN,nsl_kdd,DNN,58,128,20,canonical,0.87,0.1122327223420143,0.9880955587276792,0.9395196179509512,0.8911852544528379,0.9124941235386148,0.9879111663639576,0.9880955587276792,0.9879564175426266,0.993,3,-0.004904441272320814,0.004904441272320814,0.004404441272320869,False
NSL_SELECTED_DNN,nsl_kdd,DNN,20,128,20,canonical,0.87,0.132705733180046,0.9880686256026286,0.9455903655163452,0.8834876189593912,0.9064554269562524,0.9881054614418372,0.9880686256026286,0.9880006418233978,0.993,3,-0.004931374397371346,0.004931374397371346,0.0044313743973714015,False
NSL_SELECTED_DNN,nsl_kdd,DNN,35,128,20,canonical,0.87,0.1031781360507011,0.9880686256026286,0.9321022039000963,0.8848102918670575,0.905381285691249,0.9878741033725564,0.9880686256026286,0.987933850570999,0.993,3,-0.004931374397371346,0.004931374397371346,0.0044313743973714015,False
NSL_SELECTED_DNN,nsl_kdd,DNN,43,128,20,canonical,0.87,0.1189889833331108,0.9880416924775782,0.9186604256073492,0.9017382229276596,0.9084544338165678,0.988234301328529,0.9880416924775782,0.9880915199657,0.993,3,-0.004958307522421768,0.004958307522421768,0.004458307522421823,False
NSL_SELECTED_DNN,nsl_kdd,DNN,61,128,20,canonical,0.87,0.1373233348131179,0.9880416924775782,0.9496068324726284,0.87414490595044,0.904430074928027,0.9878326114094456,0.9880416924775782,0.9878340932246495,0.993,3,-0.004958307522421768,0.004958307522421768,0.004458307522421823,False
NSL_SELECTED_DNN,nsl_kdd,DNN,3,128,20,canonical,0.87,0.1001560613512992,0.9880147593525276,0.9269120831697945,0.8862354532302137,0.905096715385996,0.9877761868460372,0.9880147593525276,0.9878270165444262,0.993,3,-0.004985240647472411,0.004985240647472411,0.004485240647472466,False
NSL_SELECTED_DNN,nsl_kdd,DNN,38,128,20,canonical,0.87,0.1018291413784027,0.9879878262274772,0.9211359140905192,0.8821760248339343,0.8995195534287092,0.9878139806866229,0.9879878262274772,0.9878770003863196,0.993,3,-0.005012173772522832,0.005012173772522832,0.004512173772522887,False
NSL_SELECTED_DNN,nsl_kdd,DNN,19,128,20,canonical,0.87,0.0983540490269661,0.9879608931024266,0.9562359778645532,0.8415445548701517,0.8762232834780639,0.9877976197576482,0.9879608931024266,0.9876686705701004,0.993,3,-0.005039106897573364,0.005039106897573364,0.0045391068975734195,False
NSL_SELECTED_DNN,nsl_kdd,DNN,24,128,20,canonical,0.87,0.1196924000978469,0.9879608931024266,0.9255891645062782,0.8876209291627143,0.9031839869734548,0.9879718712266076,0.9879608931024266,0.9879320256820951,0.993,3,-0.005039106897573364,0.005039106897573364,0.0045391068975734195,False
NSL_SELECTED_DNN,nsl_kdd,DNN,51,128,20,canonical,0.87,0.079843983054161,0.9878262274771742,0.9219877456691852,0.8937049092770435,0.9052134505633154,0.9879079546604604,0.9878262274771742,0.9878246707952624,0.993,3,-0.005173772522825804,0.005173772522825804,0.004673772522825859,False
NSL_SELECTED_DNN,nsl_kdd,DNN,49,128,20,canonical,0.87,0.1083922013640403,0.9877184949769722,0.9294642640983916,0.8213594922839279,0.8520752117496908,0.98739365585454,0.9877184949769722,0.9873258541911292,0.993,3,-0.0052815050230278215,0.0052815050230278215,0.004781505023027877,False
NSL_SELECTED_DNN,nsl_kdd,DNN,47,128,20,canonical,0.87,0.117210566997528,0.9876915618519216,0.9287410967974704,0.8689371771836593,0.8952038816476022,0.9873743620556305,0.9876915618519216,0.987401519854724,0.993,3,-0.005308438148078354,0.005308438148078354,0.004808438148078409,False
NSL_SELECTED_DNN,nsl_kdd,DNN,10,128,20,canonical,0.87,0.1061058938503265,0.9876646287268712,0.9632997726015224,0.860552219701052,0.8991633052273544,0.9874292391543114,0.9876646287268712,0.987339134586926,0.993,3,-0.005335371273128775,0.005335371273128775,0.00483537127312883,False
NSL_SELECTED_DNN,nsl_kdd,DNN,1,128,20,canonical,0.87,0.0774088129401207,0.9876376956018208,0.9279743899884608,0.8853876582278317,0.90226006138329,0.987657945531285,0.9876376956018208,0.9876005998815416,0.993,3,-0.005362304398179196,0.005362304398179196,0.004862304398179251,False
NSL_SELECTED_DNN,nsl_kdd,DNN,26,128,20,canonical,0.87,0.1217258647084236,0.9876107624767702,0.951896325196454,0.8787084513470248,0.9095742814138432,0.9873668661711212,0.9876107624767702,0.9873842652214048,0.993,3,-0.0053892375232298395,0.0053892375232298395,0.004889237523229895,False
NSL_SELECTED_DNN,nsl_kdd,DNN,28,128,20,canonical,0.87,0.0680379271507263,0.9875838293517196,0.9404822871103216,0.8954495852854031,0.9125009102138256,0.9877498187659586,0.9875838293517196,0.9875947235460282,0.993,3,-0.005416170648280372,0.005416170648280372,0.004916170648280427,False
NSL_SELECTED_DNN,nsl_kdd,DNN,16,128,20,canonical,0.87,0.1202189847826957,0.987503029976568,0.9327621100592586,0.8876906321750866,0.9043611042345592,0.9876623322221544,0.987503029976568,0.9875047592117028,0.993,3,-0.0054969700234319685,0.0054969700234319685,0.004996970023432024,False
NSL_SELECTED_DNN,nsl_kdd,DNN,60,128,20,canonical,0.87,0.0970777496695518,0.9874491637264672,0.9164918427002524,0.8988032197738611,0.9062811656700358,0.9875466613533886,0.9874491637264672,0.987468171066316,0.993,3,-0.005550836273532811,0.005550836273532811,0.005050836273532866,False
NSL_SELECTED_DNN,nsl_kdd,DNN,56,128,20,canonical,0.87,0.0672248601913452,0.9873414312262652,0.9350257093161948,0.8866442722676089,0.90679278070348,0.9872410202068524,0.9873414312262652,0.9872503029691196,0.993,3,-0.005658568773734829,0.005658568773734829,0.005158568773734884,False
NSL_SELECTED_DNN,nsl_kdd,DNN,4,128,20,canonical,0.87,0.0892736911773681,0.9873144981012146,0.9032090437190216,0.9015921567817812,0.9022817972740542,0.987398546888409,0.9873144981012146,0.9873506781272252,0.993,3,-0.005685501898785361,0.005685501898785361,0.005185501898785416,False
NSL_SELECTED_DNN,nsl_kdd,DNN,17,128,20,canonical,0.87,0.1245911121368408,0.9873144981012146,0.9443179139285724,0.8664506219659993,0.8992128850747246,0.9870076699115988,0.9873144981012146,0.9869671381984582,0.993,3,-0.005685501898785361,0.005685501898785361,0.005185501898785416,False
NSL_SELECTED_DNN,nsl_kdd,DNN,33,128,20,canonical,0.87,0.1091229617595672,0.9873144981012146,0.9421048789853924,0.8628054738513343,0.8964638937815659,0.9869975279567534,0.9873144981012146,0.9869060231742456,0.993,3,-0.005685501898785361,0.005685501898785361,0.005185501898785416,False
NSL_SELECTED_DNN,nsl_kdd,DNN,44,128,20,canonical,0.87,0.121558278799057,0.9872875649761642,0.9270314310130175,0.8678732626982015,0.8941959218933816,0.986932301847402,0.9872875649761642,0.9869406062952996,0.993,3,-0.005712435023835782,0.005712435023835782,0.0052124350238358375,False
NSL_SELECTED_DNN,nsl_kdd,DNN,12,128,20,canonical,0.87,0.0886044129729271,0.9872606318511136,0.9452188586688964,0.8653827211124232,0.8996208765873763,0.9869521260494016,0.9872606318511136,0.9867893595529832,0.993,3,-0.005739368148886426,0.005739368148886426,0.005239368148886481,False
NSL_SELECTED_DNN,nsl_kdd,DNN,55,128,20,canonical,0.87,0.1349466145038604,0.9871259662258612,0.9226656452724168,0.8909835067017848,0.9026724267584252,0.9873818766685016,0.9871259662258612,0.987172666295292,0.993,3,-0.005874033774138754,0.005874033774138754,0.005374033774138809,False
NSL_SELECTED_DNN,nsl_kdd,DNN,23,128,20,canonical,0.87,0.125017762184143,0.9870720999757602,0.9497219402337354,0.8041949903678546,0.8391632311367472,0.9867622870942472,0.9870720999757602,0.9864974024920328,0.993,3,-0.005927900024239818,0.005927900024239818,0.005427900024239873,False
NSL_SELECTED_DNN,nsl_kdd,DNN,62,128,20,canonical,0.87,0.0822408646345138,0.9870720999757602,0.9120069179244236,0.8914497309333027,0.9001738213741033,0.9871270806725996,0.9870720999757602,0.9870720972094458,0.993,3,-0.005927900024239818,0.005927900024239818,0.005427900024239873,False
NSL_SELECTED_DNN,nsl_kdd,DNN,34,128,20,canonical,0.87,0.1068292632699012,0.9870451668507096,0.9527584211081884,0.8671617235180713,0.9035250089585136,0.9867571347899736,0.9870451668507096,0.9866229153801448,0.993,3,-0.005954833149290351,0.005954833149290351,0.005454833149290406,False
NSL_SELECTED_DNN,nsl_kdd,DNN,6,128,20,canonical,0.87,0.0794829279184341,0.9869913006006088,0.9137081376471364,0.8847167657432695,0.8977133517189818,0.9868826231326996,0.9869913006006088,0.9869231505303632,0.993,3,-0.006008699399391193,0.006008699399391193,0.005508699399391248,False
NSL_SELECTED_DNN,nsl_kdd,DNN,21,128,20,canonical,0.87,0.0921576842665672,0.9869913006006088,0.929294631238596,0.8882761255233044,0.9041303568638718,0.9871394456462772,0.9869913006006088,0.987005998881106,0.993,3,-0.006008699399391193,0.006008699399391193,0.005508699399391248,False
NSL_SELECTED_DNN,nsl_kdd,DNN,57,128,20,canonical,0.87,0.1456927806138992,0.9869643674755582,0.9480354263718868,0.8604495088398162,0.8971319603664126,0.9866957943230568,0.9869643674755582,0.9865103806774946,0.993,3,-0.006035632524441836,0.006035632524441836,0.005535632524441891,False
NSL_SELECTED_DNN,nsl_kdd,DNN,50,128,20,canonical,0.87,0.098063938319683,0.9867489024751542,0.9307694488862188,0.8851974826551222,0.9040514201521862,0.9867017581766384,0.9867489024751542,0.9866843591055032,0.993,3,-0.006251097524845761,0.006251097524845761,0.005751097524845816,False
NSL_SELECTED_DNN,nsl_kdd,DNN,30,128,20,canonical,0.87,0.1177029535174369,0.9864526380995988,0.9269833712164556,0.8778968800027268,0.8997706742633603,0.986132187013026,0.9864526380995988,0.986211257411891,0.993,3,-0.006547361900401172,0.006547361900401172,0.006047361900401227,False
NSL_SELECTED_DNN,nsl_kdd,DNN,53,128,20,canonical,0.87,0.1173611804842948,0.9863987718494976,0.9336490395140356,0.8697545239073143,0.8980409543418212,0.9861097934847568,0.9863987718494976,0.9859292957775574,0.993,3,-0.006601228150502347,0.006601228150502347,0.006101228150502402,False
NSL_SELECTED_DNN,nsl_kdd,DNN,25,128,20,canonical,0.87,0.1510961353778839,0.9861563737240432,0.9137912453369929,0.8587535255717006,0.8834979320468687,0.9857729423762468,0.9861563737240432,0.9857353484619744,0.993,3,-0.0068436262759568045,0.0068436262759568045,0.00634362627595686,False
NSL_SELECTED_DNN,nsl_kdd,DNN,63,128,20,canonical,0.87,0.0954578667879104,0.9860486412238412,0.9583595070634372,0.8532853753162017,0.8964011185169044,0.9858341321031414,0.9860486412238412,0.9854871074159428,0.993,3,-0.0069513587761588225,0.0069513587761588225,0.0064513587761588775,False
NSL_SELECTED_DNN,nsl_kdd,DNN,32,128,20,canonical,0.87,0.0886431410908699,0.9860217080987908,0.9235859938137528,0.8816758464977539,0.8952776742340637,0.9864528431773198,0.9860217080987908,0.98609601295871,0.993,3,-0.006978291901209244,0.006978291901209244,0.006478291901209299,False
NSL_SELECTED_DNN,nsl_kdd,DNN,64,128,20,canonical,0.87,0.0998875796794891,0.9858870424735382,0.926443671951896,0.8678174914517973,0.8868001762569824,0.9861748333086992,0.9858870424735382,0.9858983737897238,0.993,3,-0.007112957526461794,0.007112957526461794,0.006612957526461849,False
NSL_SELECTED_DNN,nsl_kdd,DNN,29,128,20,canonical,0.87,0.1148693859577179,0.9850251824719222,0.96133027952699,0.8402733710611867,0.8879505899172375,0.9848180004354216,0.9850251824719222,0.984295439769958,0.993,3,-0.007974817528077827,0.007974817528077827,0.007474817528077882,False
NSL_SELECTED_DNN,nsl_kdd,DNN,59,128,20,canonical,0.87,0.1024008244276046,0.9845942524711142,0.935130251106114,0.8497437927007656,0.8854410702207316,0.9842059370721846,0.9845942524711142,0.984066787557903,0.993,3,-0.008405747528885787,0.008405747528885787,0.007905747528885843,False
NSL_SELECTED_DNN,nsl_kdd,DNN,5,128,20,canonical,0.87,0.142240285873413,0.9838939912198011,0.9337399245431712,0.8537234306386526,0.8877013855468192,0.983643983119599,0.9838939912198011,0.983358930634257,0.993,3,-0.009106008780198849,0.009106008780198849,0.008606008780198904,False
