dataset,config_id,seed,test_position,source_row_index,actual_class,predicted_class,explained_class,model_probability,base_value,reconstructed_probability,efficiency_error,rank,feature,scaled_value,shap_value
NSL-KDD,batch032-zero_pad-adam_l2,1414324351,4,112152,DoS,DoS,DoS,0.9999009370803833,0.001074881642125547,0.9999009370803834,1.1102230246251565e-16,1,serror_rate,1.0,0.7516772277048989
NSL-KDD,batch032-zero_pad-adam_l2,1414324351,4,112152,DoS,DoS,DoS,0.9999009370803833,0.001074881642125547,0.9999009370803834,1.1102230246251565e-16,2,service,0.11594203114509583,-0.09363712927688667
NSL-KDD,batch032-zero_pad-adam_l2,1414324351,4,112152,DoS,DoS,DoS,0.9999009370803833,0.001074881642125547,0.9999009370803834,1.1102230246251565e-16,3,dst_host_count,1.0,0.08488601375820526
NSL-KDD,batch032-zero_pad-adam_l2,1414324351,4,112152,DoS,DoS,DoS,0.9999009370803833,0.001074881642125547,0.9999009370803834,1.1102230246251565e-16,4,logged_in,0.0,0.0803814223066342
NSL-KDD,batch032-zero_pad-adam_l2,1414324351,4,112152,DoS,DoS,DoS,0.9999009370803833,0.001074881642125547,0.9999009370803834,1.1102230246251565e-16,5,flag,0.5,0.05538938162502638
NSL-KDD,batch032-zero_pad-adam_l2,1414324351,4,112152,DoS,DoS,DoS,0.9999009370803833,0.001074881642125547,0.9999009370803834,1.1102230246251565e-16,6,dst_host_same_src_port_rate,0.0,0.04503810649308541
NSL-KDD,batch032-zero_pad-adam_l2,1414324351,4,112152,DoS,DoS,DoS,0.9999009370803833,0.001074881642125547,0.9999009370803834,1.1102230246251565e-16,7,same_srv_rate,0.07999999821186066,-0.04345937881281552
NSL-KDD,batch032-zero_pad-adam_l2,1414324351,4,112152,DoS,DoS,DoS,0.9999009370803833,0.001074881642125547,0.9999009370803834,1.1102230246251565e-16,8,dst_host_same_srv_rate,0.07000000029802322,0.034971590160855624
NSL-KDD,batch032-zero_pad-adam_l2,1414324351,4,112152,DoS,DoS,DoS,0.9999009370803833,0.001074881642125547,0.9999009370803834,1.1102230246251565e-16,9,dst_host_srv_diff_host_rate,0.0,0.03261427525626261
NSL-KDD,batch032-zero_pad-adam_l2,1414324351,4,112152,DoS,DoS,DoS,0.9999009370803833,0.001074881642125547,0.9999009370803834,1.1102230246251565e-16,10,dst_host_rerror_rate,0.0,0.02061866157544605
NSL-KDD,batch032-zero_pad-adam_l2,1414324351,4,112152,DoS,DoS,DoS,0.9999009370803833,0.001074881642125547,0.9999009370803834,1.1102230246251565e-16,11,rerror_rate,0.0,0.019983458548029596
NSL-KDD,batch032-zero_pad-adam_l2,1414324351,4,112152,DoS,DoS,DoS,0.9999009370803833,0.001074881642125547,0.9999009370803834,1.1102230246251565e-16,12,dst_host_diff_srv_rate,0.05999999865889549,0.01341273046911707
NSL-KDD,batch032-zero_pad-adam_l2,1414324351,4,112152,DoS,DoS,DoS,0.9999009370803833,0.001074881642125547,0.9999009370803834,1.1102230246251565e-16,13,hot,0.0,-0.010829446110709918
NSL-KDD,batch032-zero_pad-adam_l2,1414324351,4,112152,DoS,DoS,DoS,0.9999009370803833,0.001074881642125547,0.9999009370803834,1.1102230246251565e-16,14,su_attempted,0.0,0.009757193521714275
NSL-KDD,batch032-zero_pad-adam_l2,1414324351,4,112152,DoS,DoS,DoS,0.9999009370803833,0.001074881642125547,0.9999009370803834,1.1102230246251565e-16,15,land,0.0,-0.00784327647690065
NSL-KDD,batch032-zero_pad-adam_l2,1414324351,4,112152,DoS,DoS,DoS,0.9999009370803833,0.001074881642125547,0.9999009370803834,1.1102230246251565e-16,16,protocol_type,0.5,0.0065688042167901
NSL-KDD,batch032-zero_pad-adam_l2,1414324351,4,112152,DoS,DoS,DoS,0.9999009370803833,0.001074881642125547,0.9999009370803834,1.1102230246251565e-16,17,is_host_login,0.0,-0.00638514233527669
NSL-KDD,batch032-zero_pad-adam_l2,1414324351,4,112152,DoS,DoS,DoS,0.9999009370803833,0.001074881642125547,0.9999009370803834,1.1102230246251565e-16,18,is_guest_login,0.0,0.0063647936778424945
NSL-KDD,batch032-zero_pad-adam_l2,1414324351,4,112152,DoS,DoS,DoS,0.9999009370803833,0.001074881642125547,0.9999009370803834,1.1102230246251565e-16,19,count,0.444227010011673,-0.006295032636242555
NSL-KDD,batch032-zero_pad-adam_l2,1414324351,4,112152,DoS,DoS,DoS,0.9999009370803833,0.001074881642125547,0.9999009370803834,1.1102230246251565e-16,20,wrong_fragment,0.0,0.005577934137746714
NSL-KDD,batch032-zero_pad-adam_l2,1414324351,4,112152,DoS,DoS,DoS,0.9999009370803833,0.001074881642125547,0.9999009370803834,1.1102230246251565e-16,21,diff_srv_rate,0.05000000074505806,-0.005552227375699482
NSL-KDD,batch032-zero_pad-adam_l2,1414324351,4,112152,DoS,DoS,DoS,0.9999009370803833,0.001074881642125547,0.9999009370803834,1.1102230246251565e-16,22,srv_diff_host_rate,0.0,0.004987821198685644
NSL-KDD,batch032-zero_pad-adam_l2,1414324351,4,112152,DoS,DoS,DoS,0.9999009370803833,0.001074881642125547,0.9999009370803834,1.1102230246251565e-16,23,root_shell,0.0,0.004672120128733391
NSL-KDD,batch032-zero_pad-adam_l2,1414324351,4,112152,DoS,DoS,DoS,0.9999009370803833,0.001074881642125547,0.9999009370803834,1.1102230246251565e-16,24,srv_count,0.03718199580907822,-0.0044147254026413105
NSL-KDD,batch032-zero_pad-adam_l2,1414324351,4,112152,DoS,DoS,DoS,0.9999009370803833,0.001074881642125547,0.9999009370803834,1.1102230246251565e-16,25,dst_host_srv_count,0.07450980693101883,0.004048749839847623
NSL-KDD,batch032-zero_pad-adam_l2,1414324351,4,112152,DoS,DoS,DoS,0.9999009370803833,0.001074881642125547,0.9999009370803834,1.1102230246251565e-16,26,num_outbound_cmds,0.0,-0.003921979453008417
NSL-KDD,batch032-zero_pad-adam_l2,1414324351,4,112152,DoS,DoS,DoS,0.9999009370803833,0.001074881642125547,0.9999009370803834,1.1102230246251565e-16,27,num_failed_logins,0.0,0.0029156037398089573
NSL-KDD,batch032-zero_pad-adam_l2,1414324351,4,112152,DoS,DoS,DoS,0.9999009370803833,0.001074881642125547,0.9999009370803834,1.1102230246251565e-16,28,num_file_creations,0.0,0.002242520913744719
NSL-KDD,batch032-zero_pad-adam_l2,1414324351,4,112152,DoS,DoS,DoS,0.9999009370803833,0.001074881642125547,0.9999009370803834,1.1102230246251565e-16,29,num_compromised,0.0,-0.001828801596472212
NSL-KDD,batch032-zero_pad-adam_l2,1414324351,4,112152,DoS,DoS,DoS,0.9999009370803833,0.001074881642125547,0.9999009370803834,1.1102230246251565e-16,30,num_shells,0.0,-0.001778629944238194
NSL-KDD,batch032-zero_pad-adam_l2,1414324351,4,112152,DoS,DoS,DoS,0.9999009370803833,0.001074881642125547,0.9999009370803834,1.1102230246251565e-16,31,urgent,0.0,0.001644405606340926
NSL-KDD,batch032-zero_pad-adam_l2,1414324351,4,112152,DoS,DoS,DoS,0.9999009370803833,0.001074881642125547,0.9999009370803834,1.1102230246251565e-16,32,dst_bytes,0.0,-0.001236599915052135
NSL-KDD,batch032-zero_pad-adam_l2,1414324351,4,112152,DoS,DoS,DoS,0.9999009370803833,0.001074881642125547,0.9999009370803834,1.1102230246251565e-16,33,duration,0.0,-0.0011859417173935914
NSL-KDD,batch032-zero_pad-adam_l2,1414324351,4,112152,DoS,DoS,DoS,0.9999009370803833,0.001074881642125547,0.9999009370803834,1.1102230246251565e-16,34,num_access_files,0.0,-0.00118440695788764
NSL-KDD,batch032-zero_pad-adam_l2,1414324351,4,112152,DoS,DoS,DoS,0.9999009370803833,0.001074881642125547,0.9999009370803834,1.1102230246251565e-16,35,src_bytes,0.0,0.0006259585706670081
