dataset,test_position,source_row_index,actual_class,predicted_class,feature,shap_value,absolute_shap_value
NSL-KDD,1295,75404,DoS,DoS,duration,7.225836357648908e-05,7.225836357648908e-05
NSL-KDD,1295,75404,DoS,DoS,protocol_type,0.007047900848283448,0.007047900848283448
NSL-KDD,1295,75404,DoS,DoS,service,0.05493543234103845,0.05493543234103845
NSL-KDD,1295,75404,DoS,DoS,flag,0.04788371777034078,0.04788371777034078
NSL-KDD,1295,75404,DoS,DoS,src_bytes,0.03381828269371456,0.03381828269371456
NSL-KDD,1295,75404,DoS,DoS,dst_bytes,0.01474881172638497,0.01474881172638497
NSL-KDD,1295,75404,DoS,DoS,land,-0.014692352695604925,0.014692352695604925
NSL-KDD,1295,75404,DoS,DoS,wrong_fragment,-0.03628009994630904,0.03628009994630904
NSL-KDD,1295,75404,DoS,DoS,urgent,0.023703652919072643,0.023703652919072643
NSL-KDD,1295,75404,DoS,DoS,hot,-0.021110171566594147,0.021110171566594147
NSL-KDD,1295,75404,DoS,DoS,num_failed_logins,0.009763883911282184,0.009763883911282184
NSL-KDD,1295,75404,DoS,DoS,logged_in,0.05404363160581361,0.05404363160581361
NSL-KDD,1295,75404,DoS,DoS,num_compromised,0.014473478702156456,0.014473478702156456
NSL-KDD,1295,75404,DoS,DoS,root_shell,0.00633148276813538,0.00633148276813538
NSL-KDD,1295,75404,DoS,DoS,su_attempted,-0.013802298628809363,0.013802298628809363
NSL-KDD,1295,75404,DoS,DoS,num_file_creations,-0.021676609979628166,0.021676609979628166
NSL-KDD,1295,75404,DoS,DoS,num_shells,0.01846808898397427,0.01846808898397427
NSL-KDD,1295,75404,DoS,DoS,num_access_files,0.014239057343735165,0.014239057343735165
NSL-KDD,1295,75404,DoS,DoS,num_outbound_cmds,-0.0054801411682437965,0.0054801411682437965
NSL-KDD,1295,75404,DoS,DoS,is_host_login,-0.01657914689367923,0.01657914689367923
NSL-KDD,1295,75404,DoS,DoS,is_guest_login,-0.004204096685687897,0.004204096685687897
NSL-KDD,1295,75404,DoS,DoS,count,-0.017522019378183245,0.017522019378183245
NSL-KDD,1295,75404,DoS,DoS,srv_count,-0.051251029107706056,0.051251029107706056
NSL-KDD,1295,75404,DoS,DoS,serror_rate,0.6037885112259196,0.6037885112259196
NSL-KDD,1295,75404,DoS,DoS,rerror_rate,0.024882877872754654,0.024882877872754654
NSL-KDD,1295,75404,DoS,DoS,same_srv_rate,-0.0029370946586523908,0.0029370946586523908
NSL-KDD,1295,75404,DoS,DoS,diff_srv_rate,-0.01815486550535329,0.01815486550535329
NSL-KDD,1295,75404,DoS,DoS,srv_diff_host_rate,0.0050017942708524285,0.0050017942708524285
NSL-KDD,1295,75404,DoS,DoS,dst_host_count,0.09674139615349521,0.09674139615349521
NSL-KDD,1295,75404,DoS,DoS,dst_host_srv_count,-0.05560376867214163,0.05560376867214163
NSL-KDD,1295,75404,DoS,DoS,dst_host_same_srv_rate,0.038468290698917815,0.038468290698917815
NSL-KDD,1295,75404,DoS,DoS,dst_host_diff_srv_rate,0.0222506582902303,0.0222506582902303
NSL-KDD,1295,75404,DoS,DoS,dst_host_same_src_port_rate,0.07809211347751364,0.07809211347751364
NSL-KDD,1295,75404,DoS,DoS,dst_host_srv_diff_host_rate,0.05460580343983637,0.05460580343983637
NSL-KDD,1295,75404,DoS,DoS,dst_host_rerror_rate,0.05481441486533232,0.05481441486533232
NSL-KDD,26555,77138,DoS,DoS,duration,-0.004207357063902346,0.004207357063902346
NSL-KDD,26555,77138,DoS,DoS,protocol_type,-0.03535979022582962,0.03535979022582962
NSL-KDD,26555,77138,DoS,DoS,service,0.06811487764695717,0.06811487764695717
NSL-KDD,26555,77138,DoS,DoS,flag,0.05514691378651753,0.05514691378651753
NSL-KDD,26555,77138,DoS,DoS,src_bytes,0.016465516019088994,0.016465516019088994
NSL-KDD,26555,77138,DoS,DoS,dst_bytes,0.016601072805622893,0.016601072805622893
NSL-KDD,26555,77138,DoS,DoS,land,0.009221370586677527,0.009221370586677527
NSL-KDD,26555,77138,DoS,DoS,wrong_fragment,-0.011185557966315145,0.011185557966315145
NSL-KDD,26555,77138,DoS,DoS,urgent,-0.007085942343119426,0.007085942343119426
NSL-KDD,26555,77138,DoS,DoS,hot,0.00755289796757743,0.00755289796757743
NSL-KDD,26555,77138,DoS,DoS,num_failed_logins,-0.003796944920175581,0.003796944920175581
NSL-KDD,26555,77138,DoS,DoS,logged_in,0.09515230657375368,0.09515230657375368
NSL-KDD,26555,77138,DoS,DoS,num_compromised,0.029605962898094515,0.029605962898094515
NSL-KDD,26555,77138,DoS,DoS,root_shell,-0.0034219005265387573,0.0034219005265387573
NSL-KDD,26555,77138,DoS,DoS,su_attempted,-0.02866381006741592,0.02866381006741592
NSL-KDD,26555,77138,DoS,DoS,num_file_creations,0.023613274940682265,0.023613274940682265
NSL-KDD,26555,77138,DoS,DoS,num_shells,0.006469563414256513,0.006469563414256513
NSL-KDD,26555,77138,DoS,DoS,num_access_files,-0.03232146352307324,0.03232146352307324
NSL-KDD,26555,77138,DoS,DoS,num_outbound_cmds,0.016360597361372547,0.016360597361372547
NSL-KDD,26555,77138,DoS,DoS,is_host_login,0.004850396013751225,0.004850396013751225
NSL-KDD,26555,77138,DoS,DoS,is_guest_login,0.0008090128170957476,0.0008090128170957476
NSL-KDD,26555,77138,DoS,DoS,count,9.496539105097988e-05,9.496539105097988e-05
NSL-KDD,26555,77138,DoS,DoS,srv_count,-0.059449037165662244,0.059449037165662244
NSL-KDD,26555,77138,DoS,DoS,serror_rate,0.6556622425398505,0.6556622425398505
NSL-KDD,26555,77138,DoS,DoS,rerror_rate,0.002120391760556725,0.002120391760556725
NSL-KDD,26555,77138,DoS,DoS,same_srv_rate,-0.07531973082243791,0.07531973082243791
NSL-KDD,26555,77138,DoS,DoS,diff_srv_rate,0.007559850839182893,0.007559850839182893
NSL-KDD,26555,77138,DoS,DoS,srv_diff_host_rate,0.008541148055262486,0.008541148055262486
NSL-KDD,26555,77138,DoS,DoS,dst_host_count,0.0980914822945912,0.0980914822945912
NSL-KDD,26555,77138,DoS,DoS,dst_host_srv_count,-0.009837245235514101,0.009837245235514101
NSL-KDD,26555,77138,DoS,DoS,dst_host_same_srv_rate,0.03539691682737185,0.03539691682737185
NSL-KDD,26555,77138,DoS,DoS,dst_host_diff_srv_rate,-0.021088484266349485,0.021088484266349485
NSL-KDD,26555,77138,DoS,DoS,dst_host_same_src_port_rate,0.05767790734222299,0.05767790734222299
NSL-KDD,26555,77138,DoS,DoS,dst_host_srv_diff_host_rate,0.03614002847733323,0.03614002847733323
NSL-KDD,26555,77138,DoS,DoS,dst_host_rerror_rate,0.039369578688203496,0.039369578688203496
NSL-KDD,910,100738,DoS,DoS,duration,-0.0018759441168231298,0.0018759441168231298
NSL-KDD,910,100738,DoS,DoS,protocol_type,-0.007587142197314436,0.007587142197314436
NSL-KDD,910,100738,DoS,DoS,service,0.003355178711554119,0.003355178711554119
NSL-KDD,910,100738,DoS,DoS,flag,-0.0010223184887626845,0.0010223184887626845
NSL-KDD,910,100738,DoS,DoS,src_bytes,-0.0002923434682756866,0.0002923434682756866
NSL-KDD,910,100738,DoS,DoS,dst_bytes,0.004145800326089314,0.004145800326089314
NSL-KDD,910,100738,DoS,DoS,land,0.005039158333427019,0.005039158333427019
NSL-KDD,910,100738,DoS,DoS,wrong_fragment,0.9844630965341549,0.9844630965341549
NSL-KDD,910,100738,DoS,DoS,urgent,0.00076651753819794,0.00076651753819794
NSL-KDD,910,100738,DoS,DoS,hot,0.001959364908802219,0.001959364908802219
NSL-KDD,910,100738,DoS,DoS,num_failed_logins,-0.004078532529885719,0.004078532529885719
NSL-KDD,910,100738,DoS,DoS,logged_in,0.018831719899389986,0.018831719899389986
NSL-KDD,910,100738,DoS,DoS,num_compromised,-0.0008860237949266344,0.0008860237949266344
NSL-KDD,910,100738,DoS,DoS,root_shell,0.007878500347441982,0.007878500347441982
NSL-KDD,910,100738,DoS,DoS,su_attempted,0.0024308575026494176,0.0024308575026494176
NSL-KDD,910,100738,DoS,DoS,num_file_creations,-0.0012869828241071398,0.0012869828241071398
NSL-KDD,910,100738,DoS,DoS,num_shells,-0.003689615287199173,0.003689615287199173
NSL-KDD,910,100738,DoS,DoS,num_access_files,0.005538588639056724,0.005538588639056724
NSL-KDD,910,100738,DoS,DoS,num_outbound_cmds,-0.005453892506306576,0.005453892506306576
NSL-KDD,910,100738,DoS,DoS,is_host_login,0.0018241014847502311,0.0018241014847502311
NSL-KDD,910,100738,DoS,DoS,is_guest_login,-0.004844025609972464,0.004844025609972464
NSL-KDD,910,100738,DoS,DoS,count,-0.007928325890660786,0.007928325890660786
NSL-KDD,910,100738,DoS,DoS,srv_count,-0.00675670906773935,0.00675670906773935
NSL-KDD,910,100738,DoS,DoS,serror_rate,-0.00977120278865263,0.00977120278865263
NSL-KDD,910,100738,DoS,DoS,rerror_rate,0.0077620431461609745,0.0077620431461609745
NSL-KDD,910,100738,DoS,DoS,same_srv_rate,-0.0061702099167742774,0.0061702099167742774
NSL-KDD,910,100738,DoS,DoS,diff_srv_rate,0.0033484792460564804,0.0033484792460564804
NSL-KDD,910,100738,DoS,DoS,srv_diff_host_rate,-0.006351064965952102,0.006351064965952102
NSL-KDD,910,100738,DoS,DoS,dst_host_count,0.012520779918799567,0.012520779918799567
NSL-KDD,910,100738,DoS,DoS,dst_host_srv_count,0.0010800882029605812,0.0010800882029605812
NSL-KDD,910,100738,DoS,DoS,dst_host_same_srv_rate,0.0024322048617208256,0.0024322048617208256
NSL-KDD,910,100738,DoS,DoS,dst_host_diff_srv_rate,-0.012176128647261598,0.012176128647261598
NSL-KDD,910,100738,DoS,DoS,dst_host_same_src_port_rate,-0.00497180269713355,0.00497180269713355
NSL-KDD,910,100738,DoS,DoS,dst_host_srv_diff_host_rate,0.013849563848637633,0.013849563848637633
NSL-KDD,910,100738,DoS,DoS,dst_host_rerror_rate,0.006457724211998106,0.006457724211998106
NSL-KDD,24594,105803,DoS,DoS,duration,0.00019664152140308014,0.00019664152140308014
NSL-KDD,24594,105803,DoS,DoS,protocol_type,-0.0036079958011019943,0.0036079958011019943
NSL-KDD,24594,105803,DoS,DoS,service,0.04828365878053178,0.04828365878053178
NSL-KDD,24594,105803,DoS,DoS,flag,0.07616458717680856,0.07616458717680856
NSL-KDD,24594,105803,DoS,DoS,src_bytes,-0.02458475533696498,0.02458475533696498
NSL-KDD,24594,105803,DoS,DoS,dst_bytes,0.0010981382049688566,0.0010981382049688566
NSL-KDD,24594,105803,DoS,DoS,land,-0.018902751918458797,0.018902751918458797
NSL-KDD,24594,105803,DoS,DoS,wrong_fragment,-0.003092443148663447,0.003092443148663447
NSL-KDD,24594,105803,DoS,DoS,urgent,0.005303896597311232,0.005303896597311232
NSL-KDD,24594,105803,DoS,DoS,hot,0.025604456316340563,0.025604456316340563
NSL-KDD,24594,105803,DoS,DoS,num_failed_logins,0.009063550166720497,0.009063550166720497
NSL-KDD,24594,105803,DoS,DoS,logged_in,0.07934043647767038,0.07934043647767038
NSL-KDD,24594,105803,DoS,DoS,num_compromised,-0.025026568959566384,0.025026568959566384
NSL-KDD,24594,105803,DoS,DoS,root_shell,-0.03321345752834285,0.03321345752834285
NSL-KDD,24594,105803,DoS,DoS,su_attempted,-0.008696480109720814,0.008696480109720814
NSL-KDD,24594,105803,DoS,DoS,num_file_creations,-0.013747660143954068,0.013747660143954068
NSL-KDD,24594,105803,DoS,DoS,num_shells,0.00735036934234593,0.00735036934234593
NSL-KDD,24594,105803,DoS,DoS,num_access_files,0.0618247125641937,0.0618247125641937
NSL-KDD,24594,105803,DoS,DoS,num_outbound_cmds,0.024204038201169658,0.024204038201169658
NSL-KDD,24594,105803,DoS,DoS,is_host_login,-0.010291269021671606,0.010291269021671606
NSL-KDD,24594,105803,DoS,DoS,is_guest_login,-0.032834827941063745,0.032834827941063745
NSL-KDD,24594,105803,DoS,DoS,count,0.0070114188376676195,0.0070114188376676195
NSL-KDD,24594,105803,DoS,DoS,srv_count,-0.023455291049094662,0.023455291049094662
NSL-KDD,24594,105803,DoS,DoS,serror_rate,0.5849622533482522,0.5849622533482522
NSL-KDD,24594,105803,DoS,DoS,rerror_rate,-0.001976731178926464,0.001976731178926464
NSL-KDD,24594,105803,DoS,DoS,same_srv_rate,-0.0344361040621622,0.0344361040621622
NSL-KDD,24594,105803,DoS,DoS,diff_srv_rate,0.027822427399558865,0.027822427399558865
NSL-KDD,24594,105803,DoS,DoS,srv_diff_host_rate,0.024922014102466042,0.024922014102466042
NSL-KDD,24594,105803,DoS,DoS,dst_host_count,0.13930248536036804,0.13930248536036804
NSL-KDD,24594,105803,DoS,DoS,dst_host_srv_count,-0.07431856149022188,0.07431856149022188
NSL-KDD,24594,105803,DoS,DoS,dst_host_same_srv_rate,0.04273790904541186,0.04273790904541186
NSL-KDD,24594,105803,DoS,DoS,dst_host_diff_srv_rate,-0.003003470717779739,0.003003470717779739
NSL-KDD,24594,105803,DoS,DoS,dst_host_same_src_port_rate,0.07998359826237,0.07998359826237
NSL-KDD,24594,105803,DoS,DoS,dst_host_srv_diff_host_rate,0.02981777855742251,0.02981777855742251
NSL-KDD,24594,105803,DoS,DoS,dst_host_rerror_rate,0.035105407434288256,0.035105407434288256
NSL-KDD,5788,47482,Normal,Normal,duration,-0.00417940675157465,0.00417940675157465
NSL-KDD,5788,47482,Normal,Normal,protocol_type,0.01609943948095379,0.01609943948095379
NSL-KDD,5788,47482,Normal,Normal,service,0.010468948248623905,0.010468948248623905
NSL-KDD,5788,47482,Normal,Normal,flag,0.005977809390254251,0.005977809390254251
NSL-KDD,5788,47482,Normal,Normal,src_bytes,-0.0008942055145477535,0.0008942055145477535
NSL-KDD,5788,47482,Normal,Normal,dst_bytes,0.004676638256446838,0.004676638256446838
NSL-KDD,5788,47482,Normal,Normal,land,-0.0027618212584689006,0.0027618212584689006
NSL-KDD,5788,47482,Normal,Normal,wrong_fragment,0.001983530990852548,0.001983530990852548
NSL-KDD,5788,47482,Normal,Normal,urgent,-0.0007349209906110659,0.0007349209906110659
NSL-KDD,5788,47482,Normal,Normal,hot,-0.0032177104026939645,0.0032177104026939645
NSL-KDD,5788,47482,Normal,Normal,num_failed_logins,-0.0008812081033433327,0.0008812081033433327
NSL-KDD,5788,47482,Normal,Normal,logged_in,-0.02491245488487342,0.02491245488487342
NSL-KDD,5788,47482,Normal,Normal,num_compromised,0.0019763430386972266,0.0019763430386972266
NSL-KDD,5788,47482,Normal,Normal,root_shell,0.004572379900577313,0.004572379900577313
NSL-KDD,5788,47482,Normal,Normal,su_attempted,-0.0024966253958137135,0.0024966253958137135
NSL-KDD,5788,47482,Normal,Normal,num_file_creations,-0.009643813028767902,0.009643813028767902
NSL-KDD,5788,47482,Normal,Normal,num_shells,-0.00033937740713021845,0.00033937740713021845
NSL-KDD,5788,47482,Normal,Normal,num_access_files,-0.0033361808047645825,0.0033361808047645825
NSL-KDD,5788,47482,Normal,Normal,num_outbound_cmds,0.0019598643458893254,0.0019598643458893254
NSL-KDD,5788,47482,Normal,Normal,is_host_login,0.001833614787988109,0.001833614787988109
NSL-KDD,5788,47482,Normal,Normal,is_guest_login,-0.0031546783469729076,0.0031546783469729076
NSL-KDD,5788,47482,Normal,Normal,count,0.010002158345688305,0.010002158345688305
NSL-KDD,5788,47482,Normal,Normal,srv_count,0.003601472228869095,0.003601472228869095
NSL-KDD,5788,47482,Normal,Normal,serror_rate,0.00899102646647772,0.00899102646647772
NSL-KDD,5788,47482,Normal,Normal,rerror_rate,0.0014839794950932692,0.0014839794950932692
NSL-KDD,5788,47482,Normal,Normal,same_srv_rate,0.007206360330606283,0.007206360330606283
NSL-KDD,5788,47482,Normal,Normal,diff_srv_rate,-0.0012476461165735094,0.0012476461165735094
NSL-KDD,5788,47482,Normal,Normal,srv_diff_host_rate,0.007787117880291974,0.007787117880291974
NSL-KDD,5788,47482,Normal,Normal,dst_host_count,-0.022254038354474853,0.022254038354474853
NSL-KDD,5788,47482,Normal,Normal,dst_host_srv_count,0.008944970916326378,0.008944970916326378
NSL-KDD,5788,47482,Normal,Normal,dst_host_same_srv_rate,0.008672995733322057,0.008672995733322057
NSL-KDD,5788,47482,Normal,Normal,dst_host_diff_srv_rate,0.0007609412276542317,0.0007609412276542317
NSL-KDD,5788,47482,Normal,Normal,dst_host_same_src_port_rate,0.005836620837873641,0.005836620837873641
NSL-KDD,5788,47482,Normal,Normal,dst_host_srv_diff_host_rate,-0.0035002712498537975,0.0035002712498537975
NSL-KDD,5788,47482,Normal,Normal,dst_host_rerror_rate,0.008648933317627967,0.008648933317627967
NSL-KDD,21020,36947,Normal,Normal,duration,-0.002040389616114897,0.002040389616114897
NSL-KDD,21020,36947,Normal,Normal,protocol_type,-0.008401804049995708,0.008401804049995708
NSL-KDD,21020,36947,Normal,Normal,service,0.0010273008819775135,0.0010273008819775135
NSL-KDD,21020,36947,Normal,Normal,flag,0.014216952321336218,0.014216952321336218
NSL-KDD,21020,36947,Normal,Normal,src_bytes,-0.00475964855398235,0.00475964855398235
NSL-KDD,21020,36947,Normal,Normal,dst_bytes,0.012099646349493625,0.012099646349493625
NSL-KDD,21020,36947,Normal,Normal,land,0.0020197598449867484,0.0020197598449867484
NSL-KDD,21020,36947,Normal,Normal,wrong_fragment,0.013817281613485857,0.013817281613485857
NSL-KDD,21020,36947,Normal,Normal,urgent,-0.006812991971618225,0.006812991971618225
NSL-KDD,21020,36947,Normal,Normal,hot,-0.004836391415238996,0.004836391415238996
NSL-KDD,21020,36947,Normal,Normal,num_failed_logins,-0.0011206885850731949,0.0011206885850731949
NSL-KDD,21020,36947,Normal,Normal,logged_in,-0.009028919594701337,0.009028919594701337
NSL-KDD,21020,36947,Normal,Normal,num_compromised,-0.001262552587180557,0.001262552587180557
NSL-KDD,21020,36947,Normal,Normal,root_shell,-0.003996780229592188,0.003996780229592188
NSL-KDD,21020,36947,Normal,Normal,su_attempted,-0.000680956234614888,0.000680956234614888
NSL-KDD,21020,36947,Normal,Normal,num_file_creations,0.011890224507171846,0.011890224507171846
NSL-KDD,21020,36947,Normal,Normal,num_shells,0.008668169095128606,0.008668169095128606
NSL-KDD,21020,36947,Normal,Normal,num_access_files,-0.0017259847373686295,0.0017259847373686295
NSL-KDD,21020,36947,Normal,Normal,num_outbound_cmds,-0.005120724136080574,0.005120724136080574
NSL-KDD,21020,36947,Normal,Normal,is_host_login,-0.001299623855271152,0.001299623855271152
NSL-KDD,21020,36947,Normal,Normal,is_guest_login,0.00849770148197026,0.00849770148197026
NSL-KDD,21020,36947,Normal,Normal,count,-0.00918791290408866,0.00918791290408866
NSL-KDD,21020,36947,Normal,Normal,srv_count,-0.008675981205207382,0.008675981205207382
NSL-KDD,21020,36947,Normal,Normal,serror_rate,-0.007528617800073077,0.007528617800073077
NSL-KDD,21020,36947,Normal,Normal,rerror_rate,-0.000528301622813484,0.000528301622813484
NSL-KDD,21020,36947,Normal,Normal,same_srv_rate,0.01213699704115752,0.01213699704115752
NSL-KDD,21020,36947,Normal,Normal,diff_srv_rate,0.003529673258899756,0.003529673258899756
NSL-KDD,21020,36947,Normal,Normal,srv_diff_host_rate,-0.010281166812328423,0.010281166812328423
NSL-KDD,21020,36947,Normal,Normal,dst_host_count,0.02320394362801151,0.02320394362801151
NSL-KDD,21020,36947,Normal,Normal,dst_host_srv_count,0.02249873969549743,0.02249873969549743
NSL-KDD,21020,36947,Normal,Normal,dst_host_same_srv_rate,-0.01603995301331921,0.01603995301331921
NSL-KDD,21020,36947,Normal,Normal,dst_host_diff_srv_rate,-0.005087420942781834,0.005087420942781834
NSL-KDD,21020,36947,Normal,Normal,dst_host_same_src_port_rate,-0.0080456836200469,0.0080456836200469
NSL-KDD,21020,36947,Normal,Normal,dst_host_srv_diff_host_rate,-0.0012766860410373248,0.0012766860410373248
NSL-KDD,21020,36947,Normal,Normal,dst_host_rerror_rate,0.02206333800048268,0.02206333800048268
NSL-KDD,17657,117970,Normal,Normal,duration,0.008642792473248739,0.008642792473248739
NSL-KDD,17657,117970,Normal,Normal,protocol_type,-0.004405181238594983,0.004405181238594983
NSL-KDD,17657,117970,Normal,Normal,service,0.004657649934916141,0.004657649934916141
NSL-KDD,17657,117970,Normal,Normal,flag,0.030308675329764494,0.030308675329764494
NSL-KDD,17657,117970,Normal,Normal,src_bytes,0.0008575036834472656,0.0008575036834472656
NSL-KDD,17657,117970,Normal,Normal,dst_bytes,-0.0028691915718064317,0.0028691915718064317
NSL-KDD,17657,117970,Normal,Normal,land,-0.004619539687334,0.004619539687334
NSL-KDD,17657,117970,Normal,Normal,wrong_fragment,-0.011610818390294755,0.011610818390294755
NSL-KDD,17657,117970,Normal,Normal,urgent,-0.007507023683043936,0.007507023683043936
NSL-KDD,17657,117970,Normal,Normal,hot,0.018506948954934318,0.018506948954934318
NSL-KDD,17657,117970,Normal,Normal,num_failed_logins,-0.01119225080895926,0.01119225080895926
NSL-KDD,17657,117970,Normal,Normal,logged_in,-0.029908484503943428,0.029908484503943428
NSL-KDD,17657,117970,Normal,Normal,num_compromised,0.01028597142449385,0.01028597142449385
NSL-KDD,17657,117970,Normal,Normal,root_shell,-0.012394585810738752,0.012394585810738752
NSL-KDD,17657,117970,Normal,Normal,su_attempted,-0.009092660752879709,0.009092660752879709
NSL-KDD,17657,117970,Normal,Normal,num_file_creations,-0.021889665682433945,0.021889665682433945
NSL-KDD,17657,117970,Normal,Normal,num_shells,-0.01862882554652628,0.01862882554652628
NSL-KDD,17657,117970,Normal,Normal,num_access_files,0.0012069085661350564,0.0012069085661350564
NSL-KDD,17657,117970,Normal,Normal,num_outbound_cmds,-0.0050458464155400335,0.0050458464155400335
NSL-KDD,17657,117970,Normal,Normal,is_host_login,0.008732539000282386,0.008732539000282386
NSL-KDD,17657,117970,Normal,Normal,is_guest_login,-0.010355849123329408,0.010355849123329408
NSL-KDD,17657,117970,Normal,Normal,count,-0.004107021118753285,0.004107021118753285
NSL-KDD,17657,117970,Normal,Normal,srv_count,-0.021169912157953007,0.021169912157953007
NSL-KDD,17657,117970,Normal,Normal,serror_rate,-0.002258291269333858,0.002258291269333858
NSL-KDD,17657,117970,Normal,Normal,rerror_rate,0.007479943616285304,0.007479943616285304
NSL-KDD,17657,117970,Normal,Normal,same_srv_rate,0.003637703433481844,0.003637703433481844
NSL-KDD,17657,117970,Normal,Normal,diff_srv_rate,0.019723347617367024,0.019723347617367024
NSL-KDD,17657,117970,Normal,Normal,srv_diff_host_rate,0.011401603597482622,0.011401603597482622
NSL-KDD,17657,117970,Normal,Normal,dst_host_count,-0.0328909996256024,0.0328909996256024
NSL-KDD,17657,117970,Normal,Normal,dst_host_srv_count,0.08869201780149591,0.08869201780149591
NSL-KDD,17657,117970,Normal,Normal,dst_host_same_srv_rate,-0.026518979134203917,0.026518979134203917
NSL-KDD,17657,117970,Normal,Normal,dst_host_diff_srv_rate,-0.012034233655019048,0.012034233655019048
NSL-KDD,17657,117970,Normal,Normal,dst_host_same_src_port_rate,0.003363807469979983,0.003363807469979983
NSL-KDD,17657,117970,Normal,Normal,dst_host_srv_diff_host_rate,-0.016174386252339815,0.016174386252339815
NSL-KDD,17657,117970,Normal,Normal,dst_host_rerror_rate,0.08425572738899326,0.08425572738899326
NSL-KDD,5480,47710,Normal,Normal,duration,-0.0007291267940482166,0.0007291267940482166
NSL-KDD,5480,47710,Normal,Normal,protocol_type,-0.0013881594468781802,0.0013881594468781802
NSL-KDD,5480,47710,Normal,Normal,service,0.0018450010311265143,0.0018450010311265143
NSL-KDD,5480,47710,Normal,Normal,flag,0.00046725840896285497,0.00046725840896285497
NSL-KDD,5480,47710,Normal,Normal,src_bytes,-0.00037427340479877306,0.00037427340479877306
NSL-KDD,5480,47710,Normal,Normal,dst_bytes,0.002143600015014551,0.002143600015014551
NSL-KDD,5480,47710,Normal,Normal,land,-0.0003160315801490114,0.0003160315801490114
NSL-KDD,5480,47710,Normal,Normal,wrong_fragment,-0.0022238099758177866,0.0022238099758177866
NSL-KDD,5480,47710,Normal,Normal,urgent,0.0005618768501984396,0.0005618768501984396
NSL-KDD,5480,47710,Normal,Normal,hot,0.004718522851362421,0.004718522851362421
NSL-KDD,5480,47710,Normal,Normal,num_failed_logins,-0.0033606265880038568,0.0033606265880038568
NSL-KDD,5480,47710,Normal,Normal,logged_in,-0.0033251490519328798,0.0033251490519328798
NSL-KDD,5480,47710,Normal,Normal,num_compromised,-0.0007580664924854176,0.0007580664924854176
NSL-KDD,5480,47710,Normal,Normal,root_shell,-0.0002457353840651992,0.0002457353840651992
NSL-KDD,5480,47710,Normal,Normal,su_attempted,0.0006673253233027011,0.0006673253233027011
NSL-KDD,5480,47710,Normal,Normal,num_file_creations,-0.001969500217036618,0.001969500217036618
NSL-KDD,5480,47710,Normal,Normal,num_shells,0.00021669656264592285,0.00021669656264592285
NSL-KDD,5480,47710,Normal,Normal,num_access_files,0.002768637592474486,0.002768637592474486
NSL-KDD,5480,47710,Normal,Normal,num_outbound_cmds,0.00010590722356564703,0.00010590722356564703
NSL-KDD,5480,47710,Normal,Normal,is_host_login,0.005432102254861792,0.005432102254861792
NSL-KDD,5480,47710,Normal,Normal,is_guest_login,-0.0037217564399087437,0.0037217564399087437
NSL-KDD,5480,47710,Normal,Normal,count,0.006154134853807913,0.006154134853807913
NSL-KDD,5480,47710,Normal,Normal,srv_count,-0.003198264929059718,0.003198264929059718
NSL-KDD,5480,47710,Normal,Normal,serror_rate,-0.005467436394827153,0.005467436394827153
NSL-KDD,5480,47710,Normal,Normal,rerror_rate,-0.0005097690887639971,0.0005097690887639971
NSL-KDD,5480,47710,Normal,Normal,same_srv_rate,0.003572735931043222,0.003572735931043222
NSL-KDD,5480,47710,Normal,Normal,diff_srv_rate,0.004042687119317468,0.004042687119317468
NSL-KDD,5480,47710,Normal,Normal,srv_diff_host_rate,0.004085208694219766,0.004085208694219766
NSL-KDD,5480,47710,Normal,Normal,dst_host_count,0.009608982994835256,0.009608982994835256
NSL-KDD,5480,47710,Normal,Normal,dst_host_srv_count,0.008493727128565193,0.008493727128565193
NSL-KDD,5480,47710,Normal,Normal,dst_host_same_srv_rate,-0.0022780212562816928,0.0022780212562816928
NSL-KDD,5480,47710,Normal,Normal,dst_host_diff_srv_rate,3.6298085184574405e-05,3.6298085184574405e-05
NSL-KDD,5480,47710,Normal,Normal,dst_host_same_src_port_rate,0.004819975840478773,0.004819975840478773
NSL-KDD,5480,47710,Normal,Normal,dst_host_srv_diff_host_rate,0.0010081437320882392,0.0010081437320882392
NSL-KDD,5480,47710,Normal,Normal,dst_host_rerror_rate,0.007047810369940716,0.007047810369940716
NSL-KDD,5200,43770,Probe,Probe,duration,0.008203884607683032,0.008203884607683032
NSL-KDD,5200,43770,Probe,Probe,protocol_type,0.05149315811830692,0.05149315811830692
NSL-KDD,5200,43770,Probe,Probe,service,0.21839343013623577,0.21839343013623577
NSL-KDD,5200,43770,Probe,Probe,flag,-0.1110063589783642,0.1110063589783642
NSL-KDD,5200,43770,Probe,Probe,src_bytes,0.0011796710542124717,0.0011796710542124717
NSL-KDD,5200,43770,Probe,Probe,dst_bytes,0.002652989848702887,0.002652989848702887
NSL-KDD,5200,43770,Probe,Probe,land,-0.018730208254983633,0.018730208254983633
NSL-KDD,5200,43770,Probe,Probe,wrong_fragment,0.012447525323834849,0.012447525323834849
NSL-KDD,5200,43770,Probe,Probe,urgent,-0.024172643650315295,0.024172643650315295
NSL-KDD,5200,43770,Probe,Probe,hot,0.004044120892882485,0.004044120892882485
NSL-KDD,5200,43770,Probe,Probe,num_failed_logins,0.02634720377621686,0.02634720377621686
NSL-KDD,5200,43770,Probe,Probe,logged_in,0.054297036326676165,0.054297036326676165
NSL-KDD,5200,43770,Probe,Probe,num_compromised,0.019749240286277468,0.019749240286277468
NSL-KDD,5200,43770,Probe,Probe,root_shell,-0.025289359107067626,0.025289359107067626
NSL-KDD,5200,43770,Probe,Probe,su_attempted,0.003950628828079989,0.003950628828079989
NSL-KDD,5200,43770,Probe,Probe,num_file_creations,0.024855479564631543,0.024855479564631543
NSL-KDD,5200,43770,Probe,Probe,num_shells,-0.008319907662971374,0.008319907662971374
NSL-KDD,5200,43770,Probe,Probe,num_access_files,0.002059058032518546,0.002059058032518546
NSL-KDD,5200,43770,Probe,Probe,num_outbound_cmds,-0.008794689066210221,0.008794689066210221
NSL-KDD,5200,43770,Probe,Probe,is_host_login,-0.006069963318903201,0.006069963318903201
NSL-KDD,5200,43770,Probe,Probe,is_guest_login,0.023098150380089694,0.023098150380089694
NSL-KDD,5200,43770,Probe,Probe,count,-0.05581899108673297,0.05581899108673297
NSL-KDD,5200,43770,Probe,Probe,srv_count,-0.00200345301419944,0.00200345301419944
NSL-KDD,5200,43770,Probe,Probe,serror_rate,-0.0008107095143163799,0.0008107095143163799
NSL-KDD,5200,43770,Probe,Probe,rerror_rate,-0.001257659508932467,0.001257659508932467
NSL-KDD,5200,43770,Probe,Probe,same_srv_rate,0.11418063616401707,0.11418063616401707
NSL-KDD,5200,43770,Probe,Probe,diff_srv_rate,-0.13400435075789147,0.13400435075789147
NSL-KDD,5200,43770,Probe,Probe,srv_diff_host_rate,0.007965649504595551,0.007965649504595551
NSL-KDD,5200,43770,Probe,Probe,dst_host_count,0.07640597212361021,0.07640597212361021
NSL-KDD,5200,43770,Probe,Probe,dst_host_srv_count,0.09178721041227458,0.09178721041227458
NSL-KDD,5200,43770,Probe,Probe,dst_host_same_srv_rate,0.21294790906507463,0.21294790906507463
NSL-KDD,5200,43770,Probe,Probe,dst_host_diff_srv_rate,-0.06045611718961989,0.06045611718961989
NSL-KDD,5200,43770,Probe,Probe,dst_host_same_src_port_rate,0.6337708376242934,0.6337708376242934
NSL-KDD,5200,43770,Probe,Probe,dst_host_srv_diff_host_rate,-0.015719655124852135,0.015719655124852135
NSL-KDD,5200,43770,Probe,Probe,dst_host_rerror_rate,-0.15509033757377394,0.15509033757377394
NSL-KDD,9546,37249,Probe,Probe,duration,-0.004657773516154747,0.004657773516154747
NSL-KDD,9546,37249,Probe,Probe,protocol_type,0.2599247766831174,0.2599247766831174
NSL-KDD,9546,37249,Probe,Probe,service,-0.02164784657577534,0.02164784657577534
NSL-KDD,9546,37249,Probe,Probe,flag,-0.03968043290884779,0.03968043290884779
NSL-KDD,9546,37249,Probe,Probe,src_bytes,-0.02238765597293806,0.02238765597293806
NSL-KDD,9546,37249,Probe,Probe,dst_bytes,-0.015828478985472703,0.015828478985472703
NSL-KDD,9546,37249,Probe,Probe,land,-0.00035388764057911844,0.00035388764057911844
NSL-KDD,9546,37249,Probe,Probe,wrong_fragment,0.022339477298168767,0.022339477298168767
NSL-KDD,9546,37249,Probe,Probe,urgent,0.023111522953279545,0.023111522953279545
NSL-KDD,9546,37249,Probe,Probe,hot,0.0022963267615996523,0.0022963267615996523
NSL-KDD,9546,37249,Probe,Probe,num_failed_logins,-0.025720758623063264,0.025720758623063264
NSL-KDD,9546,37249,Probe,Probe,logged_in,0.05869934009028082,0.05869934009028082
NSL-KDD,9546,37249,Probe,Probe,num_compromised,0.03325671173691203,0.03325671173691203
NSL-KDD,9546,37249,Probe,Probe,root_shell,0.024530409983534656,0.024530409983534656
NSL-KDD,9546,37249,Probe,Probe,su_attempted,0.007625500340266461,0.007625500340266461
NSL-KDD,9546,37249,Probe,Probe,num_file_creations,0.062123931414947216,0.062123931414947216
NSL-KDD,9546,37249,Probe,Probe,num_shells,-0.00724315189298767,0.00724315189298767
NSL-KDD,9546,37249,Probe,Probe,num_access_files,-0.034144086911233634,0.034144086911233634
NSL-KDD,9546,37249,Probe,Probe,num_outbound_cmds,-0.009612623642534773,0.009612623642534773
NSL-KDD,9546,37249,Probe,Probe,is_host_login,-0.04579605291692461,0.04579605291692461
NSL-KDD,9546,37249,Probe,Probe,is_guest_login,-0.04066720445070378,0.04066720445070378
NSL-KDD,9546,37249,Probe,Probe,count,-0.02118989121354099,0.02118989121354099
NSL-KDD,9546,37249,Probe,Probe,srv_count,0.02511001439144662,0.02511001439144662
NSL-KDD,9546,37249,Probe,Probe,serror_rate,0.04466191705117175,0.04466191705117175
NSL-KDD,9546,37249,Probe,Probe,rerror_rate,-0.015719048049268634,0.015719048049268634
NSL-KDD,9546,37249,Probe,Probe,same_srv_rate,-0.053470600441770724,0.053470600441770724
NSL-KDD,9546,37249,Probe,Probe,diff_srv_rate,-0.0027967136799892695,0.0027967136799892695
NSL-KDD,9546,37249,Probe,Probe,srv_diff_host_rate,0.12266483110820807,0.12266483110820807
NSL-KDD,9546,37249,Probe,Probe,dst_host_count,0.24501815371652316,0.24501815371652316
NSL-KDD,9546,37249,Probe,Probe,dst_host_srv_count,-0.07799619174334561,0.07799619174334561
NSL-KDD,9546,37249,Probe,Probe,dst_host_same_srv_rate,-0.08195889867768716,0.08195889867768716
NSL-KDD,9546,37249,Probe,Probe,dst_host_diff_srv_rate,-0.026980821194569547,0.026980821194569547
NSL-KDD,9546,37249,Probe,Probe,dst_host_same_src_port_rate,0.5305572366710871,0.5305572366710871
NSL-KDD,9546,37249,Probe,Probe,dst_host_srv_diff_host_rate,0.08269450350913173,0.08269450350913173
NSL-KDD,9546,37249,Probe,Probe,dst_host_rerror_rate,-0.02992055013206357,0.02992055013206357
NSL-KDD,28767,121690,Probe,Probe,duration,0.03397949525869277,0.03397949525869277
NSL-KDD,28767,121690,Probe,Probe,protocol_type,0.02520033890220306,0.02520033890220306
NSL-KDD,28767,121690,Probe,Probe,service,0.10756412604911401,0.10756412604911401
NSL-KDD,28767,121690,Probe,Probe,flag,0.04596007670323952,0.04596007670323952
NSL-KDD,28767,121690,Probe,Probe,src_bytes,0.014237326792894392,0.014237326792894392
NSL-KDD,28767,121690,Probe,Probe,dst_bytes,0.027869616523015284,0.027869616523015284
NSL-KDD,28767,121690,Probe,Probe,land,0.03388675766148663,0.03388675766148663
NSL-KDD,28767,121690,Probe,Probe,wrong_fragment,-0.01671668816040736,0.01671668816040736
NSL-KDD,28767,121690,Probe,Probe,urgent,0.023550985219712158,0.023550985219712158
NSL-KDD,28767,121690,Probe,Probe,hot,-0.06787870612740489,0.06787870612740489
NSL-KDD,28767,121690,Probe,Probe,num_failed_logins,0.023011221493664313,0.023011221493664313
NSL-KDD,28767,121690,Probe,Probe,logged_in,0.005417519915236577,0.005417519915236577
NSL-KDD,28767,121690,Probe,Probe,num_compromised,-0.00576851882902638,0.00576851882902638
NSL-KDD,28767,121690,Probe,Probe,root_shell,-0.016764691349159436,0.016764691349159436
NSL-KDD,28767,121690,Probe,Probe,su_attempted,-0.027710821924152106,0.027710821924152106
NSL-KDD,28767,121690,Probe,Probe,num_file_creations,-0.018275455179070366,0.018275455179070366
NSL-KDD,28767,121690,Probe,Probe,num_shells,0.009709897931485337,0.009709897931485337
NSL-KDD,28767,121690,Probe,Probe,num_access_files,-0.04673646342726889,0.04673646342726889
NSL-KDD,28767,121690,Probe,Probe,num_outbound_cmds,0.009074019795491432,0.009074019795491432
NSL-KDD,28767,121690,Probe,Probe,is_host_login,-0.018045348835858687,0.018045348835858687
NSL-KDD,28767,121690,Probe,Probe,is_guest_login,-0.047848912541818125,0.047848912541818125
NSL-KDD,28767,121690,Probe,Probe,count,0.03149417164227827,0.03149417164227827
NSL-KDD,28767,121690,Probe,Probe,srv_count,-0.01103663690891444,0.01103663690891444
NSL-KDD,28767,121690,Probe,Probe,serror_rate,0.03374324900942339,0.03374324900942339
NSL-KDD,28767,121690,Probe,Probe,rerror_rate,0.01569162147488035,0.01569162147488035
NSL-KDD,28767,121690,Probe,Probe,same_srv_rate,0.07627402651566352,0.07627402651566352
NSL-KDD,28767,121690,Probe,Probe,diff_srv_rate,0.24084769525164415,0.24084769525164415
NSL-KDD,28767,121690,Probe,Probe,srv_diff_host_rate,-0.037778019215076085,0.037778019215076085
NSL-KDD,28767,121690,Probe,Probe,dst_host_count,0.057375175531570184,0.057375175531570184
NSL-KDD,28767,121690,Probe,Probe,dst_host_srv_count,0.10197704035847036,0.10197704035847036
NSL-KDD,28767,121690,Probe,Probe,dst_host_same_srv_rate,0.29299807205911127,0.29299807205911127
NSL-KDD,28767,121690,Probe,Probe,dst_host_diff_srv_rate,-0.0034083186562668677,0.0034083186562668677
NSL-KDD,28767,121690,Probe,Probe,dst_host_same_src_port_rate,0.01794405913930881,0.01794405913930881
NSL-KDD,28767,121690,Probe,Probe,dst_host_srv_diff_host_rate,-0.006109426097270241,0.006109426097270241
NSL-KDD,28767,121690,Probe,Probe,dst_host_rerror_rate,0.06320666062311633,0.06320666062311633
NSL-KDD,21812,77862,Probe,Probe,duration,0.015520827647344956,0.015520827647344956
NSL-KDD,21812,77862,Probe,Probe,protocol_type,-0.03159788649223341,0.03159788649223341
NSL-KDD,21812,77862,Probe,Probe,service,0.0013419285617624478,0.0013419285617624478
NSL-KDD,21812,77862,Probe,Probe,flag,0.019134363247118227,0.019134363247118227
NSL-KDD,21812,77862,Probe,Probe,src_bytes,0.027247975240568798,0.027247975240568798
NSL-KDD,21812,77862,Probe,Probe,dst_bytes,-0.0035266528101466302,0.0035266528101466302
NSL-KDD,21812,77862,Probe,Probe,land,-0.057367340370901417,0.057367340370901417
NSL-KDD,21812,77862,Probe,Probe,wrong_fragment,0.0057901206503723985,0.0057901206503723985
NSL-KDD,21812,77862,Probe,Probe,urgent,0.03677143549956874,0.03677143549956874
NSL-KDD,21812,77862,Probe,Probe,hot,-0.007246621273524307,0.007246621273524307
NSL-KDD,21812,77862,Probe,Probe,num_failed_logins,0.03772591614562003,0.03772591614562003
NSL-KDD,21812,77862,Probe,Probe,logged_in,0.0490981473106545,0.0490981473106545
NSL-KDD,21812,77862,Probe,Probe,num_compromised,-0.002397704933504209,0.002397704933504209
NSL-KDD,21812,77862,Probe,Probe,root_shell,0.0028606336181605553,0.0028606336181605553
NSL-KDD,21812,77862,Probe,Probe,su_attempted,0.01663435062008032,0.01663435062008032
NSL-KDD,21812,77862,Probe,Probe,num_file_creations,-0.018311322299064105,0.018311322299064105
NSL-KDD,21812,77862,Probe,Probe,num_shells,-0.005442839583286108,0.005442839583286108
NSL-KDD,21812,77862,Probe,Probe,num_access_files,-0.0042951014084626135,0.0042951014084626135
NSL-KDD,21812,77862,Probe,Probe,num_outbound_cmds,0.047287339852169576,0.047287339852169576
NSL-KDD,21812,77862,Probe,Probe,is_host_login,-0.013882241755711197,0.013882241755711197
NSL-KDD,21812,77862,Probe,Probe,is_guest_login,0.029316328465786124,0.029316328465786124
NSL-KDD,21812,77862,Probe,Probe,count,-0.00679598147840016,0.00679598147840016
NSL-KDD,21812,77862,Probe,Probe,srv_count,-0.008132446028776812,0.008132446028776812
NSL-KDD,21812,77862,Probe,Probe,serror_rate,-0.02019107473756027,0.02019107473756027
NSL-KDD,21812,77862,Probe,Probe,rerror_rate,0.0204770950911619,0.0204770950911619
NSL-KDD,21812,77862,Probe,Probe,same_srv_rate,0.06568503942409003,0.06568503942409003
NSL-KDD,21812,77862,Probe,Probe,diff_srv_rate,0.1316051098814035,0.1316051098814035
NSL-KDD,21812,77862,Probe,Probe,srv_diff_host_rate,-0.03619496421331361,0.03619496421331361
NSL-KDD,21812,77862,Probe,Probe,dst_host_count,0.11496893859025314,0.11496893859025314
NSL-KDD,21812,77862,Probe,Probe,dst_host_srv_count,0.10800793264801668,0.10800793264801668
NSL-KDD,21812,77862,Probe,Probe,dst_host_same_srv_rate,0.13680903489956836,0.13680903489956836
NSL-KDD,21812,77862,Probe,Probe,dst_host_diff_srv_rate,-0.011735970678797504,0.011735970678797504
NSL-KDD,21812,77862,Probe,Probe,dst_host_same_src_port_rate,0.3382618324508249,0.3382618324508249
NSL-KDD,21812,77862,Probe,Probe,dst_host_srv_diff_host_rate,0.027686271940322953,0.027686271940322953
NSL-KDD,21812,77862,Probe,Probe,dst_host_rerror_rate,-0.0374738731035185,0.0374738731035185
NSL-KDD,22140,1021,R2L,R2L,duration,-0.021784220925392034,0.021784220925392034
NSL-KDD,22140,1021,R2L,R2L,protocol_type,0.026020079618487072,0.026020079618487072
NSL-KDD,22140,1021,R2L,R2L,service,-0.014858546102594237,0.014858546102594237
NSL-KDD,22140,1021,R2L,R2L,flag,-0.03446103697101415,0.03446103697101415
NSL-KDD,22140,1021,R2L,R2L,src_bytes,-0.0125509594767235,0.0125509594767235
NSL-KDD,22140,1021,R2L,R2L,dst_bytes,0.003102285795372815,0.003102285795372815
NSL-KDD,22140,1021,R2L,R2L,land,-0.018965637160063862,0.018965637160063862
NSL-KDD,22140,1021,R2L,R2L,wrong_fragment,-0.003984029660634826,0.003984029660634826
NSL-KDD,22140,1021,R2L,R2L,urgent,-0.0032955653343624655,0.0032955653343624655
NSL-KDD,22140,1021,R2L,R2L,hot,-0.03690249388424422,0.03690249388424422
NSL-KDD,22140,1021,R2L,R2L,num_failed_logins,-0.028244983227409117,0.028244983227409117
NSL-KDD,22140,1021,R2L,R2L,logged_in,0.07517501577170098,0.07517501577170098
NSL-KDD,22140,1021,R2L,R2L,num_compromised,-0.017101880137737988,0.017101880137737988
NSL-KDD,22140,1021,R2L,R2L,root_shell,-0.015688096973525033,0.015688096973525033
NSL-KDD,22140,1021,R2L,R2L,su_attempted,-0.012072303587576277,0.012072303587576277
NSL-KDD,22140,1021,R2L,R2L,num_file_creations,0.017217122089100114,0.017217122089100114
NSL-KDD,22140,1021,R2L,R2L,num_shells,0.02342202229431559,0.02342202229431559
NSL-KDD,22140,1021,R2L,R2L,num_access_files,-0.006872526359636997,0.006872526359636997
NSL-KDD,22140,1021,R2L,R2L,num_outbound_cmds,-0.0030511934268245586,0.0030511934268245586
NSL-KDD,22140,1021,R2L,R2L,is_host_login,0.020340682964989164,0.020340682964989164
NSL-KDD,22140,1021,R2L,R2L,is_guest_login,-0.012110196245398367,0.012110196245398367
NSL-KDD,22140,1021,R2L,R2L,count,0.17831987233433508,0.17831987233433508
NSL-KDD,22140,1021,R2L,R2L,srv_count,0.059199424789962506,0.059199424789962506
NSL-KDD,22140,1021,R2L,R2L,serror_rate,0.0032500471653687637,0.0032500471653687637
NSL-KDD,22140,1021,R2L,R2L,rerror_rate,-0.02598958781331502,0.02598958781331502
NSL-KDD,22140,1021,R2L,R2L,same_srv_rate,-0.021108496340607588,0.021108496340607588
NSL-KDD,22140,1021,R2L,R2L,diff_srv_rate,0.037104418526032475,0.037104418526032475
NSL-KDD,22140,1021,R2L,R2L,srv_diff_host_rate,0.045270165276215454,0.045270165276215454
NSL-KDD,22140,1021,R2L,R2L,dst_host_count,-0.11975091486628665,0.11975091486628665
NSL-KDD,22140,1021,R2L,R2L,dst_host_srv_count,0.04223060648168608,0.04223060648168608
NSL-KDD,22140,1021,R2L,R2L,dst_host_same_srv_rate,0.18124823718318475,0.18124823718318475
NSL-KDD,22140,1021,R2L,R2L,dst_host_diff_srv_rate,-0.0029416813437536005,0.0029416813437536005
NSL-KDD,22140,1021,R2L,R2L,dst_host_same_src_port_rate,0.268791344818064,0.268791344818064
NSL-KDD,22140,1021,R2L,R2L,dst_host_srv_diff_host_rate,0.14366599967882873,0.14366599967882873
NSL-KDD,22140,1021,R2L,R2L,dst_host_rerror_rate,-0.017984248998297828,0.017984248998297828
NSL-KDD,8084,105397,R2L,R2L,duration,0.040936055901441955,0.040936055901441955
NSL-KDD,8084,105397,R2L,R2L,protocol_type,-0.02674408347610742,0.02674408347610742
NSL-KDD,8084,105397,R2L,R2L,service,0.03569753076593287,0.03569753076593287
NSL-KDD,8084,105397,R2L,R2L,flag,0.019782798549155624,0.019782798549155624
NSL-KDD,8084,105397,R2L,R2L,src_bytes,-0.016696424897943957,0.016696424897943957
NSL-KDD,8084,105397,R2L,R2L,dst_bytes,-0.02512692112245736,0.02512692112245736
NSL-KDD,8084,105397,R2L,R2L,land,-0.047156633604456405,0.047156633604456405
NSL-KDD,8084,105397,R2L,R2L,wrong_fragment,0.014446353497809221,0.014446353497809221
NSL-KDD,8084,105397,R2L,R2L,urgent,0.017322459892520715,0.017322459892520715
NSL-KDD,8084,105397,R2L,R2L,hot,0.06610948256866565,0.06610948256866565
NSL-KDD,8084,105397,R2L,R2L,num_failed_logins,-0.02146358321975071,0.02146358321975071
NSL-KDD,8084,105397,R2L,R2L,logged_in,-0.00257966816539086,0.00257966816539086
NSL-KDD,8084,105397,R2L,R2L,num_compromised,-0.008030630734031303,0.008030630734031303
NSL-KDD,8084,105397,R2L,R2L,root_shell,0.030804533667631685,0.030804533667631685
NSL-KDD,8084,105397,R2L,R2L,su_attempted,0.036789154579755505,0.036789154579755505
NSL-KDD,8084,105397,R2L,R2L,num_file_creations,-0.01425409256106011,0.01425409256106011
NSL-KDD,8084,105397,R2L,R2L,num_shells,-0.014886402864227474,0.014886402864227474
NSL-KDD,8084,105397,R2L,R2L,num_access_files,-0.014910166445984504,0.014910166445984504
NSL-KDD,8084,105397,R2L,R2L,num_outbound_cmds,0.037666930898323486,0.037666930898323486
NSL-KDD,8084,105397,R2L,R2L,is_host_login,-0.021513300000933867,0.021513300000933867
NSL-KDD,8084,105397,R2L,R2L,is_guest_login,0.02177995585380925,0.02177995585380925
NSL-KDD,8084,105397,R2L,R2L,count,0.08322097900315965,0.08322097900315965
NSL-KDD,8084,105397,R2L,R2L,srv_count,0.011818807515855508,0.011818807515855508
NSL-KDD,8084,105397,R2L,R2L,serror_rate,0.030943221744086948,0.030943221744086948
NSL-KDD,8084,105397,R2L,R2L,rerror_rate,0.04921883455220471,0.04921883455220471
NSL-KDD,8084,105397,R2L,R2L,same_srv_rate,0.024225366826943345,0.024225366826943345
NSL-KDD,8084,105397,R2L,R2L,diff_srv_rate,0.011077334847883277,0.011077334847883277
NSL-KDD,8084,105397,R2L,R2L,srv_diff_host_rate,0.01007620820278791,0.01007620820278791
NSL-KDD,8084,105397,R2L,R2L,dst_host_count,-0.11360058757568846,0.11360058757568846
NSL-KDD,8084,105397,R2L,R2L,dst_host_srv_count,0.05190055305359067,0.05190055305359067
NSL-KDD,8084,105397,R2L,R2L,dst_host_same_srv_rate,0.08530700567169508,0.08530700567169508
NSL-KDD,8084,105397,R2L,R2L,dst_host_diff_srv_rate,0.016893802388550795,0.016893802388550795
NSL-KDD,8084,105397,R2L,R2L,dst_host_same_src_port_rate,0.34126184334979875,0.34126184334979875
NSL-KDD,8084,105397,R2L,R2L,dst_host_srv_diff_host_rate,0.20099237507728923,0.20099237507728923
NSL-KDD,8084,105397,R2L,R2L,dst_host_rerror_rate,0.038247790265737554,0.038247790265737554
NSL-KDD,18824,104915,R2L,R2L,duration,-0.04438638047323662,0.04438638047323662
NSL-KDD,18824,104915,R2L,R2L,protocol_type,-0.003091900805481516,0.003091900805481516
NSL-KDD,18824,104915,R2L,R2L,service,0.004564575997845372,0.004564575997845372
NSL-KDD,18824,104915,R2L,R2L,flag,-0.018841548966544868,0.018841548966544868
NSL-KDD,18824,104915,R2L,R2L,src_bytes,-0.027436868434911284,0.027436868434911284
NSL-KDD,18824,104915,R2L,R2L,dst_bytes,-0.016698846233937234,0.016698846233937234
NSL-KDD,18824,104915,R2L,R2L,land,0.006190272351429351,0.006190272351429351
NSL-KDD,18824,104915,R2L,R2L,wrong_fragment,0.014201370284364077,0.014201370284364077
NSL-KDD,18824,104915,R2L,R2L,urgent,0.03465364015698774,0.03465364015698774
NSL-KDD,18824,104915,R2L,R2L,hot,-0.02498078340613252,0.02498078340613252
NSL-KDD,18824,104915,R2L,R2L,num_failed_logins,0.02465828957117522,0.02465828957117522
NSL-KDD,18824,104915,R2L,R2L,logged_in,0.08579315755536404,0.08579315755536404
NSL-KDD,18824,104915,R2L,R2L,num_compromised,-0.012196447540073792,0.012196447540073792
NSL-KDD,18824,104915,R2L,R2L,root_shell,0.020188796764716358,0.020188796764716358
NSL-KDD,18824,104915,R2L,R2L,su_attempted,-0.0023998271346343486,0.0023998271346343486
NSL-KDD,18824,104915,R2L,R2L,num_file_creations,-0.013062538382815403,0.013062538382815403
NSL-KDD,18824,104915,R2L,R2L,num_shells,0.0050329651021885444,0.0050329651021885444
NSL-KDD,18824,104915,R2L,R2L,num_access_files,-0.04947489968016332,0.04947489968016332
NSL-KDD,18824,104915,R2L,R2L,num_outbound_cmds,-0.004837219680048185,0.004837219680048185
NSL-KDD,18824,104915,R2L,R2L,is_host_login,-0.00384385533201984,0.00384385533201984
NSL-KDD,18824,104915,R2L,R2L,is_guest_login,-0.0015640901594722602,0.0015640901594722602
NSL-KDD,18824,104915,R2L,R2L,count,0.08084873889115732,0.08084873889115732
NSL-KDD,18824,104915,R2L,R2L,srv_count,-0.005961015234829705,0.005961015234829705
NSL-KDD,18824,104915,R2L,R2L,serror_rate,0.009615191857132305,0.009615191857132305
NSL-KDD,18824,104915,R2L,R2L,rerror_rate,0.025635566603291294,0.025635566603291294
NSL-KDD,18824,104915,R2L,R2L,same_srv_rate,-0.0006116818340330371,0.0006116818340330371
NSL-KDD,18824,104915,R2L,R2L,diff_srv_rate,0.050997395958629975,0.050997395958629975
NSL-KDD,18824,104915,R2L,R2L,srv_diff_host_rate,0.020487870924306123,0.020487870924306123
NSL-KDD,18824,104915,R2L,R2L,dst_host_count,0.12902331918221044,0.12902331918221044
NSL-KDD,18824,104915,R2L,R2L,dst_host_srv_count,0.07803399261746906,0.07803399261746906
NSL-KDD,18824,104915,R2L,R2L,dst_host_same_srv_rate,0.13271088560466335,0.13271088560466335
NSL-KDD,18824,104915,R2L,R2L,dst_host_diff_srv_rate,0.002119818862754526,0.002119818862754526
NSL-KDD,18824,104915,R2L,R2L,dst_host_same_src_port_rate,0.07702148099712232,0.07702148099712232
NSL-KDD,18824,104915,R2L,R2L,dst_host_srv_diff_host_rate,0.0330888118992369,0.0330888118992369
NSL-KDD,18824,104915,R2L,R2L,dst_host_rerror_rate,-0.024139895022438032,0.024139895022438032
NSL-KDD,22699,85782,R2L,R2L,duration,0.026484930898718548,0.026484930898718548
NSL-KDD,22699,85782,R2L,R2L,protocol_type,0.009271339141516123,0.009271339141516123
NSL-KDD,22699,85782,R2L,R2L,service,0.019953325991426296,0.019953325991426296
NSL-KDD,22699,85782,R2L,R2L,flag,-0.0528960984101374,0.0528960984101374
NSL-KDD,22699,85782,R2L,R2L,src_bytes,-0.018756067580607234,0.018756067580607234
NSL-KDD,22699,85782,R2L,R2L,dst_bytes,0.0668893690349219,0.0668893690349219
NSL-KDD,22699,85782,R2L,R2L,land,-0.0006150518563097489,0.0006150518563097489
NSL-KDD,22699,85782,R2L,R2L,wrong_fragment,-0.06400730202635835,0.06400730202635835
NSL-KDD,22699,85782,R2L,R2L,urgent,-0.06638325921037577,0.06638325921037577
NSL-KDD,22699,85782,R2L,R2L,hot,-0.019437093537071813,0.019437093537071813
NSL-KDD,22699,85782,R2L,R2L,num_failed_logins,0.017124084635599904,0.017124084635599904
NSL-KDD,22699,85782,R2L,R2L,logged_in,0.06983279906139507,0.06983279906139507
NSL-KDD,22699,85782,R2L,R2L,num_compromised,-0.05049146493855606,0.05049146493855606
NSL-KDD,22699,85782,R2L,R2L,root_shell,-0.01792091169810027,0.01792091169810027
NSL-KDD,22699,85782,R2L,R2L,su_attempted,0.027322644727976172,0.027322644727976172
NSL-KDD,22699,85782,R2L,R2L,num_file_creations,0.04156970722649945,0.04156970722649945
NSL-KDD,22699,85782,R2L,R2L,num_shells,-0.09218931695271511,0.09218931695271511
NSL-KDD,22699,85782,R2L,R2L,num_access_files,0.0116119025213321,0.0116119025213321
NSL-KDD,22699,85782,R2L,R2L,num_outbound_cmds,-0.004647903887515872,0.004647903887515872
NSL-KDD,22699,85782,R2L,R2L,is_host_login,0.013480542746993519,0.013480542746993519
NSL-KDD,22699,85782,R2L,R2L,is_guest_login,0.021901795860885302,0.021901795860885302
NSL-KDD,22699,85782,R2L,R2L,count,0.09431166510690568,0.09431166510690568
NSL-KDD,22699,85782,R2L,R2L,srv_count,0.021909903605784608,0.021909903605784608
NSL-KDD,22699,85782,R2L,R2L,serror_rate,0.06005712418945561,0.06005712418945561
NSL-KDD,22699,85782,R2L,R2L,rerror_rate,0.04905913589418034,0.04905913589418034
NSL-KDD,22699,85782,R2L,R2L,same_srv_rate,0.03131432508605907,0.03131432508605907
NSL-KDD,22699,85782,R2L,R2L,diff_srv_rate,0.04285002113139868,0.04285002113139868
NSL-KDD,22699,85782,R2L,R2L,srv_diff_host_rate,0.021151919858411902,0.021151919858411902
NSL-KDD,22699,85782,R2L,R2L,dst_host_count,-0.019400341951828163,0.019400341951828163
NSL-KDD,22699,85782,R2L,R2L,dst_host_srv_count,0.10536080358433567,0.10536080358433567
NSL-KDD,22699,85782,R2L,R2L,dst_host_same_srv_rate,0.06301425777245812,0.06301425777245812
NSL-KDD,22699,85782,R2L,R2L,dst_host_diff_srv_rate,0.0006164361638633769,0.0006164361638633769
NSL-KDD,22699,85782,R2L,R2L,dst_host_same_src_port_rate,0.34507752476410386,0.34507752476410386
NSL-KDD,22699,85782,R2L,R2L,dst_host_srv_diff_host_rate,0.13188346245934035,0.13188346245934035
NSL-KDD,22699,85782,R2L,R2L,dst_host_rerror_rate,-0.05180597303998742,0.05180597303998742
NSL-KDD,5678,108500,U2R,Normal,duration,0.009704123577995641,0.009704123577995641
NSL-KDD,5678,108500,U2R,Normal,protocol_type,0.004489714223708364,0.004489714223708364
NSL-KDD,5678,108500,U2R,Normal,service,-0.024566424536471194,0.024566424536471194
NSL-KDD,5678,108500,U2R,Normal,flag,0.0340176967562987,0.0340176967562987
NSL-KDD,5678,108500,U2R,Normal,src_bytes,-0.023539686581434727,0.023539686581434727
NSL-KDD,5678,108500,U2R,Normal,dst_bytes,0.038189912739514095,0.038189912739514095
NSL-KDD,5678,108500,U2R,Normal,land,0.019257404729955227,0.019257404729955227
NSL-KDD,5678,108500,U2R,Normal,wrong_fragment,0.008469258163184088,0.008469258163184088
NSL-KDD,5678,108500,U2R,Normal,urgent,-0.011467958254799555,0.011467958254799555
NSL-KDD,5678,108500,U2R,Normal,hot,-0.02568516393034542,0.02568516393034542
NSL-KDD,5678,108500,U2R,Normal,num_failed_logins,-0.023164671307869953,0.023164671307869953
NSL-KDD,5678,108500,U2R,Normal,logged_in,-0.10927596082596898,0.10927596082596898
NSL-KDD,5678,108500,U2R,Normal,num_compromised,0.04195161786761138,0.04195161786761138
NSL-KDD,5678,108500,U2R,Normal,root_shell,0.023226004393895057,0.023226004393895057
NSL-KDD,5678,108500,U2R,Normal,su_attempted,0.015843986452899864,0.015843986452899864
NSL-KDD,5678,108500,U2R,Normal,num_file_creations,-0.006878883099327709,0.006878883099327709
NSL-KDD,5678,108500,U2R,Normal,num_shells,0.014048557302508938,0.014048557302508938
NSL-KDD,5678,108500,U2R,Normal,num_access_files,0.02971841968662278,0.02971841968662278
NSL-KDD,5678,108500,U2R,Normal,num_outbound_cmds,-0.003134037631798137,0.003134037631798137
NSL-KDD,5678,108500,U2R,Normal,is_host_login,-0.010840801984089663,0.010840801984089663
NSL-KDD,5678,108500,U2R,Normal,is_guest_login,-0.01716539182812984,0.01716539182812984
NSL-KDD,5678,108500,U2R,Normal,count,-0.014768352684942225,0.014768352684942225
NSL-KDD,5678,108500,U2R,Normal,srv_count,-0.023114168535774488,0.023114168535774488
NSL-KDD,5678,108500,U2R,Normal,serror_rate,-0.030516847029025407,0.030516847029025407
NSL-KDD,5678,108500,U2R,Normal,rerror_rate,0.03303929894342291,0.03303929894342291
NSL-KDD,5678,108500,U2R,Normal,same_srv_rate,-0.02528478494556543,0.02528478494556543
NSL-KDD,5678,108500,U2R,Normal,diff_srv_rate,0.024795933662470345,0.024795933662470345
NSL-KDD,5678,108500,U2R,Normal,srv_diff_host_rate,-0.03023986504123431,0.03023986504123431
NSL-KDD,5678,108500,U2R,Normal,dst_host_count,0.08985830692735779,0.08985830692735779
NSL-KDD,5678,108500,U2R,Normal,dst_host_srv_count,-0.02989360771487653,0.02989360771487653
NSL-KDD,5678,108500,U2R,Normal,dst_host_same_srv_rate,0.2651072262133467,0.2651072262133467
NSL-KDD,5678,108500,U2R,Normal,dst_host_diff_srv_rate,0.01874750522856371,0.01874750522856371
NSL-KDD,5678,108500,U2R,Normal,dst_host_same_src_port_rate,-0.4633223114993586,0.4633223114993586
NSL-KDD,5678,108500,U2R,Normal,dst_host_srv_diff_host_rate,-0.011960335280719913,0.011960335280719913
NSL-KDD,5678,108500,U2R,Normal,dst_host_rerror_rate,0.0738382431330262,0.0738382431330262
NSL-KDD,7131,120195,U2R,Normal,duration,-0.029971253852757652,0.029971253852757652
NSL-KDD,7131,120195,U2R,Normal,protocol_type,-0.009801951198788328,0.009801951198788328
NSL-KDD,7131,120195,U2R,Normal,service,0.09728628963950868,0.09728628963950868
NSL-KDD,7131,120195,U2R,Normal,flag,0.06440806644111523,0.06440806644111523
NSL-KDD,7131,120195,U2R,Normal,src_bytes,0.0013641166432615925,0.0013641166432615925
NSL-KDD,7131,120195,U2R,Normal,dst_bytes,-0.02041392894604524,0.02041392894604524
NSL-KDD,7131,120195,U2R,Normal,land,0.0184426063260589,0.0184426063260589
NSL-KDD,7131,120195,U2R,Normal,wrong_fragment,0.00739629309185652,0.00739629309185652
NSL-KDD,7131,120195,U2R,Normal,urgent,0.0015187348057655505,0.0015187348057655505
NSL-KDD,7131,120195,U2R,Normal,hot,-0.06484263307676658,0.06484263307676658
NSL-KDD,7131,120195,U2R,Normal,num_failed_logins,0.007034376206739366,0.007034376206739366
NSL-KDD,7131,120195,U2R,Normal,logged_in,0.04755224464232784,0.04755224464232784
NSL-KDD,7131,120195,U2R,Normal,num_compromised,0.015429297757684266,0.015429297757684266
NSL-KDD,7131,120195,U2R,Normal,root_shell,-0.026853516506063532,0.026853516506063532
NSL-KDD,7131,120195,U2R,Normal,su_attempted,-0.027007072229108232,0.027007072229108232
NSL-KDD,7131,120195,U2R,Normal,num_file_creations,0.044988688789266006,0.044988688789266006
NSL-KDD,7131,120195,U2R,Normal,num_shells,0.045272123773245715,0.045272123773245715
NSL-KDD,7131,120195,U2R,Normal,num_access_files,-0.0082643254082027,0.0082643254082027
NSL-KDD,7131,120195,U2R,Normal,num_outbound_cmds,-0.0029223634703738053,0.0029223634703738053
NSL-KDD,7131,120195,U2R,Normal,is_host_login,-0.008072327480457043,0.008072327480457043
NSL-KDD,7131,120195,U2R,Normal,is_guest_login,0.003002486637489209,0.003002486637489209
NSL-KDD,7131,120195,U2R,Normal,count,-0.0005081894653213574,0.0005081894653213574
NSL-KDD,7131,120195,U2R,Normal,srv_count,-0.005022962398582845,0.005022962398582845
NSL-KDD,7131,120195,U2R,Normal,serror_rate,-0.02688357952555573,0.02688357952555573
NSL-KDD,7131,120195,U2R,Normal,rerror_rate,0.02465169473557519,0.02465169473557519
NSL-KDD,7131,120195,U2R,Normal,same_srv_rate,0.05874608482333162,0.05874608482333162
NSL-KDD,7131,120195,U2R,Normal,diff_srv_rate,-0.03764109645993089,0.03764109645993089
NSL-KDD,7131,120195,U2R,Normal,srv_diff_host_rate,-0.03697782411660293,0.03697782411660293
NSL-KDD,7131,120195,U2R,Normal,dst_host_count,0.1878619399981581,0.1878619399981581
NSL-KDD,7131,120195,U2R,Normal,dst_host_srv_count,-0.0015725606672837306,0.0015725606672837306
NSL-KDD,7131,120195,U2R,Normal,dst_host_same_srv_rate,0.044187863887182495,0.044187863887182495
NSL-KDD,7131,120195,U2R,Normal,dst_host_diff_srv_rate,-0.029623341671092523,0.029623341671092523
NSL-KDD,7131,120195,U2R,Normal,dst_host_same_src_port_rate,-0.3495231822995926,0.3495231822995926
NSL-KDD,7131,120195,U2R,Normal,dst_host_srv_diff_host_rate,-0.004990166166441823,0.004990166166441823
NSL-KDD,7131,120195,U2R,Normal,dst_host_rerror_rate,0.024093796233351703,0.024093796233351703
NSL-KDD,13055,42396,U2R,Normal,duration,0.07367408372531183,0.07367408372531183
NSL-KDD,13055,42396,U2R,Normal,protocol_type,0.07012961090155533,0.07012961090155533
NSL-KDD,13055,42396,U2R,Normal,service,-0.049689645178177734,0.049689645178177734
NSL-KDD,13055,42396,U2R,Normal,flag,-0.058309263256713255,0.058309263256713255
NSL-KDD,13055,42396,U2R,Normal,src_bytes,-0.032026132711294925,0.032026132711294925
NSL-KDD,13055,42396,U2R,Normal,dst_bytes,0.010252992684947435,0.010252992684947435
NSL-KDD,13055,42396,U2R,Normal,land,-0.040131961635368175,0.040131961635368175
NSL-KDD,13055,42396,U2R,Normal,wrong_fragment,0.021361278611982223,0.021361278611982223
NSL-KDD,13055,42396,U2R,Normal,urgent,0.031492367628711215,0.031492367628711215
NSL-KDD,13055,42396,U2R,Normal,hot,0.022426465163304966,0.022426465163304966
NSL-KDD,13055,42396,U2R,Normal,num_failed_logins,0.021361365363229426,0.021361365363229426
NSL-KDD,13055,42396,U2R,Normal,logged_in,0.4349429514529318,0.4349429514529318
NSL-KDD,13055,42396,U2R,Normal,num_compromised,-0.016336569081731582,0.016336569081731582
NSL-KDD,13055,42396,U2R,Normal,root_shell,-0.007178787755463985,0.007178787755463985
NSL-KDD,13055,42396,U2R,Normal,su_attempted,-0.020308187653193963,0.020308187653193963
NSL-KDD,13055,42396,U2R,Normal,num_file_creations,-1.908399835313525e-05,1.908399835313525e-05
NSL-KDD,13055,42396,U2R,Normal,num_shells,-0.005527936682682213,0.005527936682682213
NSL-KDD,13055,42396,U2R,Normal,num_access_files,-0.011460528530171868,0.011460528530171868
NSL-KDD,13055,42396,U2R,Normal,num_outbound_cmds,-0.04000543031596126,0.04000543031596126
NSL-KDD,13055,42396,U2R,Normal,is_host_login,0.0035048091322183623,0.0035048091322183623
NSL-KDD,13055,42396,U2R,Normal,is_guest_login,0.002865672822040749,0.002865672822040749
NSL-KDD,13055,42396,U2R,Normal,count,-0.019997642801166827,0.019997642801166827
NSL-KDD,13055,42396,U2R,Normal,srv_count,0.01711268764210134,0.01711268764210134
NSL-KDD,13055,42396,U2R,Normal,serror_rate,-0.3069355055086503,0.3069355055086503
NSL-KDD,13055,42396,U2R,Normal,rerror_rate,0.0055589009326098586,0.0055589009326098586
NSL-KDD,13055,42396,U2R,Normal,same_srv_rate,-0.06409088101449477,0.06409088101449477
NSL-KDD,13055,42396,U2R,Normal,diff_srv_rate,-0.03296084237071117,0.03296084237071117
NSL-KDD,13055,42396,U2R,Normal,srv_diff_host_rate,-0.009414931718320273,0.009414931718320273
NSL-KDD,13055,42396,U2R,Normal,dst_host_count,0.10499178213320146,0.10499178213320146
NSL-KDD,13055,42396,U2R,Normal,dst_host_srv_count,-0.11023871767152477,0.11023871767152477
NSL-KDD,13055,42396,U2R,Normal,dst_host_same_srv_rate,0.1058554585326353,0.1058554585326353
NSL-KDD,13055,42396,U2R,Normal,dst_host_diff_srv_rate,-0.046136924176080576,0.046136924176080576
NSL-KDD,13055,42396,U2R,Normal,dst_host_same_src_port_rate,0.009075239836490764,0.009075239836490764
NSL-KDD,13055,42396,U2R,Normal,dst_host_srv_diff_host_rate,-0.012538618949702991,0.012538618949702991
NSL-KDD,13055,42396,U2R,Normal,dst_host_rerror_rate,-0.017712348338695064,0.017712348338695064
NSL-KDD,1520,113266,U2R,Normal,duration,-0.02085909906869378,0.02085909906869378
NSL-KDD,1520,113266,U2R,Normal,protocol_type,0.004634170832604991,0.004634170832604991
NSL-KDD,1520,113266,U2R,Normal,service,-0.0009985758825677372,0.0009985758825677372
NSL-KDD,1520,113266,U2R,Normal,flag,0.03759763369247508,0.03759763369247508
NSL-KDD,1520,113266,U2R,Normal,src_bytes,0.02592922254004108,0.02592922254004108
NSL-KDD,1520,113266,U2R,Normal,dst_bytes,0.008235619378206233,0.008235619378206233
NSL-KDD,1520,113266,U2R,Normal,land,-0.02833011660032487,0.02833011660032487
NSL-KDD,1520,113266,U2R,Normal,wrong_fragment,-0.026574013057362667,0.026574013057362667
NSL-KDD,1520,113266,U2R,Normal,urgent,0.01119228432960356,0.01119228432960356
NSL-KDD,1520,113266,U2R,Normal,hot,0.005711887161979369,0.005711887161979369
NSL-KDD,1520,113266,U2R,Normal,num_failed_logins,0.01590666603622395,0.01590666603622395
NSL-KDD,1520,113266,U2R,Normal,logged_in,0.036132208789864034,0.036132208789864034
NSL-KDD,1520,113266,U2R,Normal,num_compromised,-0.011850941533977397,0.011850941533977397
NSL-KDD,1520,113266,U2R,Normal,root_shell,-0.026953700592850276,0.026953700592850276
NSL-KDD,1520,113266,U2R,Normal,su_attempted,0.021193630936614583,0.021193630936614583
NSL-KDD,1520,113266,U2R,Normal,num_file_creations,-0.019793569248407354,0.019793569248407354
NSL-KDD,1520,113266,U2R,Normal,num_shells,0.013095522788179947,0.013095522788179947
NSL-KDD,1520,113266,U2R,Normal,num_access_files,-0.0004161205097337672,0.0004161205097337672
NSL-KDD,1520,113266,U2R,Normal,num_outbound_cmds,-0.05911713493995678,0.05911713493995678
NSL-KDD,1520,113266,U2R,Normal,is_host_login,-0.008741560801495482,0.008741560801495482
NSL-KDD,1520,113266,U2R,Normal,is_guest_login,0.029391961284873865,0.029391961284873865
NSL-KDD,1520,113266,U2R,Normal,count,0.012710824946450624,0.012710824946450624
NSL-KDD,1520,113266,U2R,Normal,srv_count,0.010088000259152666,0.010088000259152666
NSL-KDD,1520,113266,U2R,Normal,serror_rate,0.007024776672135268,0.007024776672135268
NSL-KDD,1520,113266,U2R,Normal,rerror_rate,-0.020181518447257418,0.020181518447257418
NSL-KDD,1520,113266,U2R,Normal,same_srv_rate,-0.006073283443305971,0.006073283443305971
NSL-KDD,1520,113266,U2R,Normal,diff_srv_rate,0.1731882648343581,0.1731882648343581
NSL-KDD,1520,113266,U2R,Normal,srv_diff_host_rate,-0.01537675846686602,0.01537675846686602
NSL-KDD,1520,113266,U2R,Normal,dst_host_count,0.07063222682137595,0.07063222682137595
NSL-KDD,1520,113266,U2R,Normal,dst_host_srv_count,0.0025591499053848163,0.0025591499053848163
NSL-KDD,1520,113266,U2R,Normal,dst_host_same_srv_rate,0.03749245152632001,0.03749245152632001
NSL-KDD,1520,113266,U2R,Normal,dst_host_diff_srv_rate,-0.04329077634225403,0.04329077634225403
NSL-KDD,1520,113266,U2R,Normal,dst_host_same_src_port_rate,-0.2881345952916616,0.2881345952916616
NSL-KDD,1520,113266,U2R,Normal,dst_host_srv_diff_host_rate,0.0015996293475677333,0.0015996293475677333
NSL-KDD,1520,113266,U2R,Normal,dst_host_rerror_rate,0.048903542375847285,0.048903542375847285
