seed,dataset,accuracy,precision_macro,precision_weighted,recall_macro,recall_weighted,f1_macro,f1_weighted,train_accuracy,val_accuracy,elapsed_seconds,test_loss
1,NSL-KDD,0.9876376956018207,0.9279743899884607,0.987657945531285,0.8853876582278317,0.9876376956018207,0.90226006138329,0.9876005998815415,0.9882615208625793,0.9885532259941101,55.41423470003065,0.0774088129401207
2,NSL-KDD,0.9881494249777801,0.9263752493580724,0.9879330125340839,0.8843435297693176,0.9881494249777801,0.9032832165582425,0.9879881522411538,0.9880146384239197,0.9895407557487488,55.41423470003065,0.08396639674901962
3,NSL-KDD,0.9880147593525277,0.9269120831697943,0.9877761868460372,0.8862354532302137,0.9880147593525277,0.9050967153859961,0.9878270165444262,0.9877565503120422,0.9889572262763977,55.41423470003065,0.10015606135129929
4,NSL-KDD,0.9873144981012146,0.9032090437190217,0.987398546888409,0.9015921567817813,0.9873144981012146,0.9022817972740542,0.9873506781272253,0.9884523153305054,0.9885532259941101,55.41423470003065,0.08927369117736816
5,NSL-KDD,0.9838939912198013,0.9337399245431713,0.983643983119599,0.8537234306386526,0.9838939912198013,0.8877013855468192,0.983358930634257,0.9882727265357971,0.9844233989715576,55.41423470003065,0.14224028587341309
6,NSL-KDD,0.9869913006006087,0.9137081376471364,0.9868826231326996,0.8847167657432695,0.9869913006006087,0.8977133517189818,0.9869231505303633,0.9890807271003723,0.9878798723220825,55.41423470003065,0.07948292791843414
7,NSL-KDD,0.9884726224783862,0.9503911162188015,0.9882113018076555,0.8702155582886941,0.9884726224783862,0.9036034462331282,0.9881642783828223,0.9885196685791016,0.9893612265586853,55.41423470003065,0.12802553176879883
8,NSL-KDD,0.9882032912278812,0.9181250734739628,0.9881344568365832,0.8935128440993895,0.9882032912278812,0.9045476910098948,0.9881486464947418,0.9888787269592285,0.9894958734512329,55.41423470003065,0.1732206791639328
9,NSL-KDD,0.9887150206038406,0.9273782986517194,0.9885377981304924,0.8867573589107606,0.9887150206038406,0.9048333707400287,0.9885972887790322,0.9883849620819092,0.9898549914360046,55.41423470003065,0.12382856756448746
10,NSL-KDD,0.9876646287268712,0.9632997726015224,0.9874292391543114,0.860552219701052,0.9876646287268712,0.8991633052273544,0.9873391345869261,0.9885645508766174,0.9891367554664612,55.41423470003065,0.10610589385032654
11,NSL-KDD,0.9885803549785882,0.9205906596973848,0.988585285574611,0.8893333101117296,0.9885803549785882,0.9024430686881327,0.9885553044973775,0.9881941676139832,0.9892714619636536,55.41423470003065,0.10788586735725403
12,NSL-KDD,0.9872606318511137,0.9452188586688965,0.9869521260494016,0.8653827211124232,0.9872606318511137,0.8996208765873763,0.9867893595529831,0.9885420799255371,0.9884634613990784,55.41423470003065,0.0886044129729271
13,NSL-KDD,0.9881224918527297,0.9226730987746941,0.9880143907526702,0.8880469401055102,0.9881224918527297,0.9031809510123476,0.988042472610054,0.988429844379425,0.9891816973686218,55.41423470003065,0.0657150000333786
14,NSL-KDD,0.9887958199789921,0.9306425385459729,0.9886496658426911,0.8935936188299021,0.9887958199789921,0.9101618688255133,0.9886977997676132,0.9891480803489685,0.9890918731689453,55.41423470003065,0.08200812339782715
15,NSL-KDD,0.9883648899781842,0.9165513113651242,0.988151168748716,0.8793456501883272,0.9883648899781842,0.8962655266429334,0.988208270557248,0.9887665510177612,0.988867461681366,55.41423470003065,0.12024737894535065
16,NSL-KDD,0.9875030299765681,0.9327621100592586,0.9876623322221545,0.8876906321750866,0.9875030299765681,0.9043611042345591,0.9875047592117028,0.9885308742523193,0.9884634613990784,55.41423470003065,0.12021898478269577
17,NSL-KDD,0.9873144981012146,0.9443179139285723,0.9870076699115989,0.8664506219659993,0.9873144981012146,0.8992128850747246,0.9869671381984582,0.9883064031600952,0.9888225793838501,55.41423470003065,0.12459111213684082
18,NSL-KDD,0.9883110237280832,0.9427457609102475,0.9882764432083249,0.8849097059590596,0.9883110237280832,0.9073299001315844,0.9882317641474487,0.9888338446617126,0.9883736371994019,55.41423470003065,0.1464134305715561
19,NSL-KDD,0.9879608931024266,0.9562359778645533,0.9877976197576482,0.8415445548701517,0.9879608931024266,0.8762232834780639,0.9876686705701004,0.9883625507354736,0.9884185791015625,55.41423470003065,0.0983540490269661
20,NSL-KDD,0.9880686256026286,0.9455903655163453,0.9881054614418371,0.8834876189593912,0.9880686256026286,0.9064554269562525,0.9880006418233978,0.9883737564086914,0.9887776374816895,55.41423470003065,0.13270573318004608
21,NSL-KDD,0.9869913006006087,0.9292946312385961,0.9871394456462773,0.8882761255233044,0.9869913006006087,0.9041303568638718,0.9870059988811061,0.9888899922370911,0.9880594611167908,55.41423470003065,0.09215768426656723
22,NSL-KDD,0.9886072881036386,0.9391864790906836,0.9883741986349783,0.8844762048472627,0.9886072881036386,0.9088389792071963,0.9884156835734207,0.988968551158905,0.9891367554664612,55.41423470003065,0.18612757325172424
23,NSL-KDD,0.9870720999757602,0.9497219402337354,0.9867622870942471,0.8041949903678546,0.9870720999757602,0.8391632311367472,0.9864974024920329,0.9889460802078247,0.9882838726043701,55.41423470003065,0.12501776218414307
24,NSL-KDD,0.9879608931024266,0.9255891645062782,0.9879718712266077,0.8876209291627143,0.9879608931024266,0.9031839869734549,0.9879320256820953,0.9884971976280212,0.9889123439788818,55.41423470003065,0.11969240009784698
25,NSL-KDD,0.9861563737240432,0.9137912453369929,0.9857729423762467,0.8587535255717006,0.9861563737240432,0.8834979320468687,0.9857353484619743,0.9884186387062073,0.9873861074447632,55.41423470003065,0.1510961353778839
26,NSL-KDD,0.9876107624767702,0.9518963251964541,0.9873668661711213,0.8787084513470248,0.9876107624767702,0.9095742814138432,0.9873842652214047,0.9886543154716492,0.9881043434143066,55.41423470003065,0.12172586470842361
27,NSL-KDD,0.9884456893533357,0.9001296807740264,0.9883616933401171,0.8884786917522904,0.9884456893533357,0.8940661843536647,0.9883963547957079,0.988586962223053,0.9893612265586853,55.41423470003065,0.0849488377571106
28,NSL-KDD,0.9875838293517197,0.9404822871103216,0.9877498187659586,0.8954495852854031,0.9875838293517197,0.9125009102138257,0.9875947235460282,0.9880595207214355,0.9872065186500549,55.41423470003065,0.06803792715072632
29,NSL-KDD,0.9850251824719222,0.96133027952699,0.9848180004354217,0.8402733710611867,0.9850251824719222,0.8879505899172375,0.984295439769958,0.9881492853164673,0.984917163848877,55.41423470003065,0.1148693859577179
30,NSL-KDD,0.9864526380995987,0.9269833712164555,0.9861321870130259,0.8778968800027268,0.9864526380995987,0.8997706742633603,0.986211257411891,0.9888899922370911,0.9871616363525391,55.41423470003065,0.11770295351743698
31,NSL-KDD,0.9887688868539417,0.9254153809826061,0.9885306042463985,0.8800384893719319,0.9887688868539417,0.9005389163902733,0.9885781934481795,0.9885981678962708,0.9894958734512329,55.41423470003065,0.08931443840265274
32,NSL-KDD,0.9860217080987908,0.9235859938137528,0.9864528431773198,0.8816758464977539,0.9860217080987908,0.8952776742340637,0.98609601295871,0.9882839918136597,0.9871167540550232,55.41423470003065,0.0886431410908699
33,NSL-KDD,0.9873144981012146,0.9421048789853923,0.9869975279567534,0.8628054738513343,0.9873144981012146,0.8964638937815659,0.9869060231742456,0.9883288741111755,0.9883736371994019,55.41423470003065,0.10912296175956726
34,NSL-KDD,0.9870451668507096,0.9527584211081883,0.9867571347899737,0.8671617235180713,0.9870451668507096,0.9035250089585137,0.9866229153801449,0.9886879920959473,0.9879247546195984,55.41423470003065,0.10682926326990128
35,NSL-KDD,0.9880686256026286,0.9321022039000963,0.9878741033725564,0.8848102918670575,0.9880686256026286,0.905381285691249,0.987933850570999,0.9885757565498352,0.9892714619636536,55.41423470003065,0.10317813605070114
36,NSL-KDD,0.9891998168547497,0.9257173461183316,0.9890313844587431,0.885388671470315,0.9891998168547497,0.9033990192732784,0.989088627364123,0.9887665510177612,0.9893612265586853,55.41423470003065,0.09712494164705276
37,NSL-KDD,0.9887419537288912,0.943676836858826,0.9885687479346078,0.8870294367024536,0.9887419537288912,0.911150637622341,0.988595403051925,0.9887440800666809,0.9895856976509094,55.41423470003065,0.10088250041007996
38,NSL-KDD,0.9879878262274772,0.9211359140905193,0.9878139806866227,0.8821760248339343,0.9879878262274772,0.8995195534287092,0.9878770003863195,0.9888675212860107,0.9893612265586853,55.41423470003065,0.10182914137840271
39,NSL-KDD,0.9882571574779822,0.9538667112049671,0.9882191443619555,0.8904881019748098,0.9882571574779822,0.9153179851924479,0.9881743151186977,0.9882391095161438,0.9880594611167908,55.41423470003065,0.10690019279718399
40,NSL-KDD,0.9881494249777801,0.916558951903756,0.9881217711909304,0.8940970733917336,0.9881494249777801,0.9040596407877974,0.9881168061968476,0.9888451099395752,0.9881492257118225,55.41423470003065,0.11546709388494492
41,NSL-KDD,0.9881494249777801,0.9255449473696645,0.9880789284302526,0.8892598399157864,0.9881494249777801,0.9048537917115101,0.9880917392408195,0.9885757565498352,0.9887776374816895,55.41423470003065,0.10943067818880081
42,NSL-KDD,0.9884456893533357,0.9419414913283483,0.9881950052695475,0.876185027897159,0.9884456893533357,0.9049547478603645,0.9881475340660106,0.9884074330329895,0.9890469908714294,55.41423470003065,0.12837257981300354
43,NSL-KDD,0.9880416924775782,0.9186604256073492,0.988234301328529,0.9017382229276596,0.9880416924775782,0.9084544338165678,0.9880915199657,0.9886431097984314,0.9882389903068542,55.41423470003065,0.11898898333311081
44,NSL-KDD,0.9872875649761642,0.9270314310130177,0.9869323018474021,0.8678732626982015,0.9872875649761642,0.8941959218933816,0.9869406062952997,0.9880819916725159,0.9877901077270508,55.41423470003065,0.121558278799057
45,NSL-KDD,0.9884726224783862,0.9351688190924634,0.9883141915906214,0.881471124946702,0.9884726224783862,0.9039060121031989,0.9883517118202964,0.9884411096572876,0.9898998737335205,55.41423470003065,0.12086505442857742
46,NSL-KDD,0.9886072881036386,0.9591413890484637,0.988429208732081,0.8785129666879751,0.9886072881036386,0.91033077754229,0.9884184157890504,0.988777756690979,0.9898998737335205,55.41423470003065,0.14074832201004028
47,NSL-KDD,0.9876915618519216,0.9287410967974704,0.9873743620556303,0.8689371771836593,0.9876915618519216,0.8952038816476022,0.9874015198547239,0.9889572858810425,0.9882838726043701,55.41423470003065,0.11721056699752808
48,NSL-KDD,0.9891190174795982,0.9484629618213909,0.9889841636327195,0.8857516625664529,0.9891190174795982,0.9111568722715626,0.9889884488497106,0.9888001680374146,0.9897652268409729,55.41423470003065,0.0901203379034996
49,NSL-KDD,0.9877184949769722,0.9294642640983917,0.9873936558545401,0.8213594922839279,0.9877184949769722,0.8520752117496908,0.9873258541911291,0.988699197769165,0.9881941080093384,55.41423470003065,0.10839220136404037
50,NSL-KDD,0.9867489024751542,0.9307694488862189,0.9867017581766383,0.8851974826551222,0.9867489024751542,0.9040514201521862,0.9866843591055032,0.9888899922370911,0.9868923425674438,55.41423470003065,0.09806393831968307
51,NSL-KDD,0.9878262274771742,0.9219877456691853,0.9879079546604603,0.8937049092770435,0.9878262274771742,0.9052134505633154,0.9878246707952624,0.9882727265357971,0.9888225793838501,55.41423470003065,0.07984398305416107
52,NSL-KDD,0.9884187562282851,0.926972566949123,0.9884860561119543,0.9056460731403957,0.9884187562282851,0.9149056343525098,0.988432336155178,0.9885645508766174,0.9887327551841736,55.41423470003065,0.12476763874292374
53,NSL-KDD,0.9863987718494976,0.9336490395140356,0.9861097934847568,0.8697545239073143,0.9863987718494976,0.8980409543418212,0.9859292957775574,0.9892154335975647,0.9874758720397949,55.41423470003065,0.11736118048429489
54,NSL-KDD,0.9882571574779822,0.9266772531226444,0.988175014140016,0.890294930214013,0.9882571574779822,0.9059179131064656,0.9881844266152189,0.9886655211448669,0.9887327551841736,55.41423470003065,0.16283577680587769
55,NSL-KDD,0.9871259662258612,0.9226656452724169,0.9873818766685016,0.8909835067017848,0.9871259662258612,0.9026724267584253,0.987172666295292,0.9880595207214355,0.9878349900245667,55.41423470003065,0.13494661450386047
56,NSL-KDD,0.9873414312262652,0.9350257093161947,0.9872410202068524,0.8866442722676089,0.9873414312262652,0.9067927807034799,0.9872503029691196,0.988396167755127,0.9886429905891418,55.41423470003065,0.06722486019134521
57,NSL-KDD,0.9869643674755582,0.9480354263718869,0.9866957943230568,0.8604495088398162,0.9869643674755582,0.8971319603664126,0.9865103806774946,0.988586962223053,0.9885083436965942,55.41423470003065,0.14569278061389923
58,NSL-KDD,0.9880955587276792,0.9395196179509513,0.9879111663639577,0.8911852544528379,0.9880955587276792,0.9124941235386148,0.9879564175426266,0.9883849620819092,0.9883736371994019,55.41423470003065,0.11223272234201431
59,NSL-KDD,0.9845942524711142,0.935130251106114,0.9842059370721846,0.8497437927007656,0.9845942524711142,0.8854410702207316,0.984066787557903,0.9882951974868774,0.9859496355056763,55.41423470003065,0.10240082442760468
60,NSL-KDD,0.9874491637264672,0.9164918427002524,0.9875466613533886,0.8988032197738611,0.9874491637264672,0.9062811656700358,0.9874681710663159,0.988508403301239,0.987430989742279,55.41423470003065,0.09707774966955185
61,NSL-KDD,0.9880416924775782,0.9496068324726284,0.9878326114094457,0.87414490595044,0.9880416924775782,0.904430074928027,0.9878340932246495,0.9884635210037231,0.9891367554664612,55.41423470003065,0.13732333481311798
62,NSL-KDD,0.9870720999757602,0.9120069179244237,0.9871270806725995,0.8914497309333027,0.9870720999757602,0.9001738213741033,0.9870720972094458,0.9883064031600952,0.9882389903068542,55.41423470003065,0.08224086463451385
63,NSL-KDD,0.9860486412238412,0.9583595070634372,0.9858341321031414,0.8532853753162017,0.9860486412238412,0.8964011185169044,0.9854871074159429,0.988856315612793,0.9870718717575073,55.41423470003065,0.09545786678791046
64,NSL-KDD,0.9858870424735382,0.9264436719518961,0.9861748333086993,0.8678174914517973,0.9858870424735382,0.8868001762569824,0.9858983737897238,0.9883625507354736,0.9866678714752197,55.41423470003065,0.09988757967948914
1,UNSW-NB15,0.8117194589689296,0.7391895148795367,0.8024174403265137,0.7099980678709055,0.8117194589689296,0.7018378602500825,0.7950940882958407,0.8122062683105469,0.8114736080169678,65.60447459999705,0.4038037359714508
2,UNSW-NB15,0.8126485458709649,0.7447489509035099,0.8068022490184587,0.7083901086721509,0.8126485458709649,0.692803377283253,0.7920151219215898,0.8113150000572205,0.8135623335838318,65.60447459999705,0.4029102921485901
3,UNSW-NB15,0.8134695994122986,0.7954175202248754,0.8249673772859835,0.6934021550395275,0.8134695994122986,0.6704676977185025,0.7826363861037486,0.8123143315315247,0.8120858669281006,65.60447459999705,0.40506303310394287
4,UNSW-NB15,0.8123244457888597,0.750149084738643,0.8090179190911488,0.7029758406076971,0.8123244457888597,0.68368034439163,0.7881046056196582,0.8107298016548157,0.8116536736488342,65.60447459999705,0.4061747193336487
5,UNSW-NB15,0.8128862192645089,0.7759837486968442,0.8201082866605384,0.7009353265686853,0.8128862192645089,0.6756384164936096,0.7849845618824922,0.8101626038551331,0.8129141330718994,65.60447459999705,0.401715487241745
6,UNSW-NB15,0.8120219523788946,0.7344041953466546,0.799392574376818,0.7039547761421121,0.8120219523788946,0.6901800226066074,0.790461131715772,0.8111619353294373,0.8128781318664551,65.60447459999705,0.4032859206199646
7,UNSW-NB15,0.8122812324445788,0.7472047870846898,0.8008174275661709,0.6931786160940632,0.8122812324445788,0.6735045211395011,0.7834608609582902,0.8123053312301636,0.8125900030136108,65.60447459999705,0.4044029712677002
8,UNSW-NB15,0.8136856661337021,0.7522228677821391,0.806741498519113,0.7023984823526843,0.8136856661337021,0.6882515985220099,0.7902976714128163,0.8118371367454529,0.8145347237586975,65.60447459999705,0.40071746706962585
9,UNSW-NB15,0.8143122596257725,0.786423823772196,0.8208456196565361,0.69466365001415,0.8143122596257725,0.6729743726875312,0.7840837875939392,0.8130795955657959,0.8137063980102539,65.60447459999705,0.4009370803833008
10,UNSW-NB15,0.8141610129207899,0.7421409631246336,0.8053013925018538,0.7157175149283026,0.8141610129207899,0.7068120463635263,0.7982953694836997,0.8131605982780457,0.8144987225532532,65.60447459999705,0.40022149682044983
11,UNSW-NB15,0.812108379067456,0.7565083861268133,0.8163190034027737,0.708622343161165,0.812108379067456,0.6818610236295409,0.7874987230937984,0.811369001865387,0.8113656044006348,65.60447459999705,0.40652981400489807
12,UNSW-NB15,0.8105526986733503,0.7824109135960108,0.8233907206468084,0.6982753735101677,0.8105526986733503,0.6721948149577567,0.782341388547337,0.8109908699989319,0.8108974099159241,65.60447459999705,0.4069780707359314
13,UNSW-NB15,0.8053887040318051,0.7336192937385101,0.7885295230470476,0.6868817991610308,0.8053887040318051,0.6848765237196016,0.7828233829433207,0.8119091987609863,0.8099250793457031,65.60447459999705,0.4115598499774933
14,UNSW-NB15,0.8133615660515967,0.7461509773145478,0.8037909518664633,0.6981090561177816,0.8133615660515967,0.6795240492096569,0.7865698048087194,0.8114050030708313,0.8130941987037659,65.60447459999705,0.40309709310531616
15,UNSW-NB15,0.8129294326087896,0.7578400361869052,0.8048507896479764,0.6904468278381499,0.8129294326087896,0.6719815634663944,0.7824973905687692,0.8123233318328857,0.8147867918014526,65.60447459999705,0.4044935703277588
16,UNSW-NB15,0.812108379067456,0.7453588616858577,0.8016219614751314,0.6953390348640063,0.812108379067456,0.6800166733898807,0.7858489017835478,0.8130615949630737,0.8121218681335449,65.60447459999705,0.40345266461372375
17,UNSW-NB15,0.8151549198392464,0.7510744669572256,0.8049392289510117,0.6988004005290446,0.8151549198392464,0.6864671210722113,0.7899108688151432,0.8121972680091858,0.8154350519180298,65.60447459999705,0.39877504110336304
18,UNSW-NB15,0.8109632254440171,0.7612087516898148,0.8121320257258495,0.6964207813502326,0.8109632254440171,0.6722001552579085,0.7825116434278526,0.8122873306274414,0.8102492094039917,65.60447459999705,0.40320444107055664
19,UNSW-NB15,0.8140529795600882,0.7413722333343452,0.8031564486815869,0.7092948590101369,0.8140529795600882,0.7008857254402118,0.7958532926710281,0.8124943971633911,0.815326988697052,65.60447459999705,0.40107205510139465
20,UNSW-NB15,0.8129294326087896,0.7506069728413414,0.80570266065409,0.6980744863458253,0.8129294326087896,0.6739364376298371,0.7841501332581692,0.8119902014732361,0.811761736869812,65.60447459999705,0.4034976661205292
21,UNSW-NB15,0.8098180718205782,0.7404527601023876,0.8094910010406123,0.7240858928144378,0.8098180718205782,0.718618190014261,0.8014170088253689,0.8117291331291199,0.8088446855545044,65.60447459999705,0.4032146632671356
22,UNSW-NB15,0.8106175186897714,0.7412457657484773,0.7978133684727124,0.693673087523081,0.8106175186897714,0.6891811846215795,0.7884822906256179,0.8117291331291199,0.8143906593322754,65.60447459999705,0.4057881832122803
23,UNSW-NB15,0.8111144721489996,0.7772730700168384,0.816277780656836,0.6968681147458149,0.8111144721489996,0.6708583576520555,0.7819635201156383,0.8120352029800415,0.8103932738304138,65.60447459999705,0.4069838523864746
24,UNSW-NB15,0.8114385722311049,0.7392915355041396,0.8037490236022149,0.7058622807318743,0.8114385722311049,0.6921627158755267,0.7912930982349208,0.8126294016838074,0.8121578693389893,65.60447459999705,0.40059614181518555
25,UNSW-NB15,0.8112008988375611,0.7510166945985712,0.7994627117357123,0.6850212352849331,0.8112008988375611,0.6705302000439557,0.7805973083992253,0.8118191361427307,0.8107173442840576,65.60447459999705,0.4046648442745209
26,UNSW-NB15,0.8131238926580528,0.7495599296557494,0.8085338491147943,0.7033514422156022,0.8131238926580528,0.6840754524150753,0.7886985530120341,0.812584400177002,0.8135623335838318,65.60447459999705,0.4021252989768982
27,UNSW-NB15,0.810833585411175,0.7384184883405596,0.798720105989517,0.7007474144926871,0.810833585411175,0.691459336094275,0.7902322826719497,0.8122332692146301,0.8114736080169678,65.60447459999705,0.40844860672950745
28,UNSW-NB15,0.8126053325266842,0.7553856723188086,0.809854367562312,0.7021417033950338,0.8126053325266842,0.6809298508552274,0.7870077262588615,0.8121612668037415,0.8124099373817444,65.60447459999705,0.40610209107398987
29,UNSW-NB15,0.8110064387882978,0.7380163038314944,0.8015495483326959,0.704539325524622,0.8110064387882978,0.6939042012415834,0.7915990327175421,0.8117741346359253,0.8112935423851013,65.60447459999705,0.4054408073425293
30,UNSW-NB15,0.8126917592152456,0.741065039097722,0.8011093654495787,0.7078539506187138,0.8126917592152456,0.7068424415005943,0.7972166928218857,0.8131875991821289,0.8119418025016785,65.60447459999705,0.4003222584724426
31,UNSW-NB15,0.807570977917981,0.7359914968230206,0.7904679682844932,0.6875716941365243,0.807570977917981,0.6834899752608938,0.7836113596218323,0.8116751313209534,0.8094569444656372,65.60447459999705,0.4113231897354126
32,UNSW-NB15,0.8128646125923685,0.7493191065579101,0.8038476963571335,0.6986954237285746,0.8128646125923685,0.6813132346669576,0.7868447557594862,0.811873197555542,0.812734067440033,65.60447459999705,0.40246516466140747
33,UNSW-NB15,0.811503392247526,0.7517191451998725,0.8019650116946481,0.688630469746351,0.811503392247526,0.6751000706466082,0.7829008426564227,0.8111169338226318,0.8144266605377197,65.60447459999705,0.4054073393344879
34,UNSW-NB15,0.8136424527894214,0.7423920022615395,0.8034336274867971,0.7107151987054153,0.8136424527894214,0.7047205055233517,0.7971716639372276,0.8114320039749146,0.8144266605377197,65.60447459999705,0.4011029899120331
35,UNSW-NB15,0.809256298344929,0.779249842557871,0.8240204221556061,0.7020901363261706,0.809256298344929,0.6753935236366766,0.7828222870442128,0.8119361996650696,0.8092048168182373,65.60447459999705,0.4067988693714142
36,UNSW-NB15,0.8129726459530703,0.7544143274560255,0.8100115080999102,0.7016675065594818,0.8129726459530703,0.6805081906142603,0.7869852886690336,0.8109638690948486,0.8127700686454773,65.60447459999705,0.4036066234111786
37,UNSW-NB15,0.8128430059202282,0.7706385474371591,0.8199157359277152,0.7062791572824427,0.8128430059202282,0.6782612542994422,0.7861031440744497,0.8116751313209534,0.8125540018081665,65.60447459999705,0.40260207653045654
38,UNSW-NB15,0.8109632254440171,0.7377672206241196,0.8006195471718042,0.7063186071472553,0.8109632254440171,0.7046066061395573,0.7957128827091444,0.8137907981872559,0.8136703968048096,65.60447459999705,0.4045119881629944
39,UNSW-NB15,0.8104230586405082,0.7389223532372334,0.7974451562020691,0.6987868377868954,0.8104230586405082,0.6867128598423523,0.7877255934855109,0.8117831349372864,0.8111134767532349,65.60447459999705,0.40470290184020996
40,UNSW-NB15,0.8115898189360875,0.7691484465316913,0.8123466045556507,0.6981176794777626,0.8115898189360875,0.6738516766736969,0.7831572605444368,0.8115220665931702,0.8114376068115234,65.60447459999705,0.4066924452781677
41,UNSW-NB15,0.8109848321161575,0.7390627440478796,0.7954338416732573,0.6904293655215313,0.8109848321161575,0.672334624741705,0.7819401006610902,0.8115220665931702,0.8134543299674988,65.60447459999705,0.40665149688720703
42,UNSW-NB15,0.8126269391988246,0.783818237046789,0.8215588430242079,0.6972243711082561,0.8126269391988246,0.6710460026739726,0.7828788004412108,0.8122963309288025,0.8144987225532532,65.60447459999705,0.4046027660369873
43,UNSW-NB15,0.8115249989196663,0.7579689713120404,0.8117621369375939,0.7029519023323666,0.8115249989196663,0.6806450268631344,0.7861576929348175,0.8119451999664307,0.8114016056060791,65.60447459999705,0.40193575620651245
44,UNSW-NB15,0.8117842789853507,0.7638631024030036,0.8117809670144265,0.6980112695828187,0.8117842789853507,0.6745514045055925,0.783864364122061,0.812107264995575,0.8112935423851013,65.60447459999705,0.40286651253700256
45,UNSW-NB15,0.8137072728058424,0.7414194484398327,0.8049200153653973,0.7099146052051626,0.8137072728058424,0.6974700203433988,0.7944564077446702,0.8112879991531372,0.8129501342773438,65.60447459999705,0.40209895372390747
46,UNSW-NB15,0.8134047793958774,0.7508947297479274,0.8028504050736157,0.6941568708692912,0.8134047793958774,0.6776582489905207,0.7854137620099529,0.8114860653877258,0.8132742643356323,65.60447459999705,0.40358754992485046
47,UNSW-NB15,0.8135992394451407,0.7609625084739584,0.8080104884695631,0.6932028384237643,0.8135992394451407,0.673026261508735,0.7836271067751908,0.8113600015640259,0.8147507905960083,65.60447459999705,0.4027988016605377
48,UNSW-NB15,0.8135776327730003,0.7476759059136762,0.8016448841420624,0.694280041177019,0.8135776327730003,0.6811544764634698,0.7868567363525109,0.811008870601654,0.8140665292739868,65.60447459999705,0.4004993736743927
49,UNSW-NB15,0.8154790199213517,0.7619211532795964,0.8092891265197315,0.6976565114398023,0.8154790199213517,0.6791796968359828,0.7871100803408143,0.8115670680999756,0.8161552548408508,65.60447459999705,0.39960938692092896
50,UNSW-NB15,0.812346052461,0.7403124997890002,0.8030157866334184,0.7154838176777022,0.812346052461,0.713603040276944,0.8000850954165097,0.8125483989715576,0.8137784600257874,65.60447459999705,0.40174442529678345
51,UNSW-NB15,0.8150036731342638,0.7861492571698596,0.8238285880364264,0.7018766873647238,0.8150036731342638,0.6767729583556427,0.7864938143006688,0.8124133348464966,0.8144987225532532,65.60447459999705,0.4012221097946167
52,UNSW-NB15,0.812410872477421,0.7647149390179162,0.8080691569422616,0.6886637121479818,0.812410872477421,0.6735208293060861,0.7827626883093451,0.8108828663825989,0.8124459981918335,65.60447459999705,0.40439385175704956
53,UNSW-NB15,0.8133399593794564,0.7444500317412699,0.8057799542731259,0.7151080378353629,0.8133399593794564,0.7137661007325563,0.8005672179030279,0.8125303983688354,0.8136343955993652,65.60447459999705,0.4050297439098358
54,UNSW-NB15,0.8136640594615617,0.7476076327488528,0.8074127372300006,0.7061110668800874,0.8136640594615617,0.6890647827403303,0.7909372803107513,0.812224268913269,0.8142105937004089,65.60447459999705,0.4010831117630005
55,UNSW-NB15,0.8124324791495614,0.740512108261715,0.8049704007472569,0.7072137646129468,0.8124324791495614,0.6906409678334586,0.7912017231945623,0.8112159371376038,0.814822793006897,65.60447459999705,0.4011137783527374
56,UNSW-NB15,0.8125405125102632,0.745859156862202,0.8101715932635432,0.7091695028845579,0.8125405125102632,0.6911577926743215,0.7914087604114599,0.8117021322250366,0.8129501342773438,65.60447459999705,0.4024847149848938
57,UNSW-NB15,0.8126701525431053,0.7389226581408525,0.7997937047654353,0.703205770469827,0.8126701525431053,0.6912649112631113,0.7911907080899474,0.8118371367454529,0.8130221962928772,65.60447459999705,0.4026482403278351
58,UNSW-NB15,0.8078302579836654,0.7381382120630615,0.7921672531282155,0.684864372018017,0.8078302579836654,0.6754351820948912,0.7808074035794588,0.8108468055725098,0.8107173442840576,65.60447459999705,0.4096808433532715
59,UNSW-NB15,0.8114817855753856,0.7420414656775474,0.8013282970442228,0.6977513613828731,0.8114817855753856,0.6766451758777526,0.7847102546501532,0.8103786706924438,0.8105733394622803,65.60447459999705,0.4041353762149811
60,UNSW-NB15,0.813318352707316,0.7437186601527335,0.8063839075200608,0.7049476250722381,0.813318352707316,0.6876745111672757,0.7902251728226922,0.8123143315315247,0.8140665292739868,65.60447459999705,0.4032057821750641
61,UNSW-NB15,0.8120867723953157,0.7463874922264673,0.8065511075325481,0.7049026875327301,0.8120867723953157,0.6851241155727343,0.788683870423218,0.8104687333106995,0.8128421306610107,65.60447459999705,0.4050986170768738
62,UNSW-NB15,0.8128862192645089,0.7405762210524673,0.7996135999806059,0.6973727484457556,0.8128862192645089,0.6822989805722268,0.7874058334601017,0.8110809326171875,0.8142465949058533,65.60447459999705,0.4038581848144531
63,UNSW-NB15,0.8126917592152456,0.7723105482906101,0.8126027848593224,0.69014099071647,0.8126917592152456,0.6701946019491463,0.7818265921727147,0.8120622634887695,0.8120498061180115,65.60447459999705,0.3998390734195709
64,UNSW-NB15,0.8143338662979128,0.7803380112624027,0.8164214136039751,0.6944986864920965,0.8143338662979128,0.6750549230158743,0.7846025627360526,0.8108288049697876,0.8128781318664551,65.60447459999705,0.40341025590896606
