,duration,protocol_type,service,flag,src_bytes,dst_bytes,land,wrong_fragment,urgent,hot,num_failed_logins,logged_in,num_compromised,root_shell,su_attempted,num_root,num_file_creations,num_shells,num_access_files,num_outbound_cmds,is_host_login,is_guest_login,count,srv_count,serror_rate,srv_serror_rate,rerror_rate,srv_rerror_rate,same_srv_rate,diff_srv_rate,srv_diff_host_rate,dst_host_count,dst_host_srv_count,dst_host_same_srv_rate,dst_host_diff_srv_rate,dst_host_same_src_port_rate,dst_host_srv_diff_host_rate,dst_host_serror_rate,dst_host_srv_serror_rate,dst_host_rerror_rate,dst_host_srv_rerror_rate,difficulty_level
duration,1.0,0.03824145372406423,0.09285755775762781,-0.06338954891932967,0.07073682819085284,0.0348777983343698,-0.0015532805525947152,-0.009865808515814936,0.0038298971819158696,0.0007051205662111453,0.00952824993634988,-0.06421767647301042,0.04267947481744216,0.052790950792929066,0.08718341292134528,0.04551915736140821,0.09911569750163153,-0.001593467346835238,0.07041992093461003,,-0.00025761943672739687,0.00044022488199309674,-0.0790423188965538,-0.03947023790265714,-0.06987295957015226,-0.0695102829381316,0.20068198441424187,0.1999610816706728,0.07468058598343376,-0.013737578959260095,-0.040158095326093636,0.05057003428877878,-0.10977556119998436,-0.1160049555779,0.2541951745852436,0.2287373765622766,-0.026669376728930015,-0.06494796244229974,-0.06436051447487312,0.1738152898998139,0.19902360421159196,-0.15631061303782845
protocol_type,0.03824145372406423,1.0,0.029993607946820062,0.09366820188872849,-0.0009736572870160206,-0.0006084713116988135,-0.001756961567200781,0.16953456694791869,-0.0009647249611789024,-0.011856521592063993,-0.003369911820615757,-0.10091993117861306,-0.0014545280422911153,-0.004570713736771803,-0.003047382903929741,-0.0015445045025276167,-0.003264810198488417,-0.0023207686493245394,-0.0051405371266192035,,-0.0003513588384725163,-0.012162709182460959,-0.057612211607323355,0.03732875283296255,-0.07660897564948885,-0.07880544100159943,-0.046543587731822995,-0.04669392617201245,0.04595109806192401,0.014730048113819453,-0.23656953814536844,0.23614000096937252,0.10391863847667178,0.0017017170246128976,0.1313802829635008,-0.20910522659433203,-0.35618296174348085,-0.07939797157469959,-0.07792523587308232,-0.015434298609394173,-0.04693777945442671,0.08277521960270748
service,0.09285755775762781,0.029993607946820062,1.0,-0.3040138206623354,-0.0016309691871314305,0.003595717646988596,-0.009951792479436368,0.08440418595177437,0.01098046423728732,-0.06406644459768464,0.03304256411741498,-0.13942737155160567,0.01979770133808874,0.033257848923430026,0.04294949140627135,0.020174372688509298,0.040815679975433984,0.0025445599743887755,0.030100163788282914,,0.004959454272886249,-0.07274322854963836,0.09926034613293688,-0.2609273277895558,0.2762322596574665,0.27334627215697443,0.14783911356068521,0.14703383351785032,-0.36953550163668847,0.20991719925152222,-0.09017189492598866,0.19285650336563007,-0.40769591000718525,-0.4526961665453075,0.2840723209604493,-0.1111629315854195,-0.15621058166214946,0.28163461140878665,0.2775942198241544,0.15066648078571526,0.14840516399983447,0.033724141500446836
flag,-0.06338954891932967,0.09366820188872849,-0.3040138206623354,1.0,-0.008114267564306495,-0.00409645246699213,-0.010372671256154245,0.06721426163393518,0.005810585672499392,0.06843729968842743,-0.006062727298961479,0.5893630615332401,0.007204079935620577,0.022045974971584763,0.012013677905693305,0.007713144532124496,0.01565678705781955,0.01397810319582857,0.029476479548296564,,0.002116251486060586,0.07075130544784698,-0.4707206152955709,0.1971779267150833,-0.4515837393642284,-0.4469147115213066,-0.7392499841493237,-0.7399567312136527,0.7171271661211576,-0.29586087616523055,0.21311356734792938,-0.3167521878984696,0.5826870843863955,0.6301183245778188,-0.2836070740133991,0.19568944946190014,0.07377278021137183,-0.4434405441385708,-0.44322472168965643,-0.6833097055667018,-0.7187779083961026,0.0541785647941391
src_bytes,0.07073682819085284,-0.0009736572870160206,-0.0016309691871314305,-0.008114267564306495,1.0,0.00020388285761542536,-0.00010936074863443574,-0.0006926548846872326,-5.882150329703924e-05,0.00029494482697164866,-0.0002082552402834892,-0.003352701892719605,-8.55780041113033e-05,-0.0002719092436242283,-0.00018554151338019025,-9.345557461970888e-05,-0.00017877782478795977,-0.0001341555152979081,-0.00030945095059966307,,-2.1780314189586445e-05,-0.0007415524478460797,-0.0051521094087675695,-0.002792373754854404,-0.0032283690910251727,-0.003438183465552919,0.013781667466759132,0.013975377301566389,0.0038986968088006845,-0.0004320053443997703,-0.0026080961517649954,-0.0057908826697756575,-0.0068605026289299854,-0.00657185417146129,0.0009001340104720489,0.0004313195861868898,-0.0016548715528629785,-0.00450274189046821,-0.0033970208665768695,-0.001468269635838308,0.012449289597552407,-0.0225921939673005
dst_bytes,0.0348777983343698,-0.0006084713116988135,0.003595717646988596,-0.00409645246699213,0.00020388285761542536,1.0,-6.929785483969706e-05,-0.0004401505789847372,0.000248197492653182,-0.0003439344442699285,0.0005039616026691721,-0.002894159455932655,0.0012326151192331412,0.0010691333602385355,0.0011334146784607473,0.001229255485270817,8.857434689626274e-05,-8.338780401174289e-05,0.00033948839987967916,,-8.427506964028289e-06,-0.0004206422048272865,-0.0035429875502724245,-0.0017544106808313528,-0.0030589111050155675,-0.0030379473066900493,0.011176399358201854,0.01105162512704318,0.0037877424182033927,-0.0017027504091802778,-0.0016743133395838701,0.002527818265981304,-0.004223696085325192,-0.004423514782546861,0.011031428224589756,0.011747316149482186,-0.0012806096135408486,-0.0030235657657113942,-0.002943924463584744,0.011729272441183755,0.011223330790380369,-0.018075626850272537
land,-0.0015532805525947152,-0.001756961567200781,-0.009951792479436368,-0.010372671256154245,-0.00010936074863443574,-6.929785483969706e-05,1.0,-0.0012607573549762074,-0.00010899083684383468,-0.0013395032391375792,-0.0003807194010715765,-0.011401537428799888,-0.00016432686508744467,-0.0005163812850199096,-0.0003442813509013078,-0.00017449205215323304,-0.0003688454326243303,-0.00026219132642915275,-0.0005807576934387023,,-3.96951414948403e-05,-0.0013740951104495697,-0.009836557678270758,-0.005031062869801056,0.02173389820624679,0.02261400413613031,-0.004095980182299055,-0.005275296373375304,0.008738500336686206,-0.00155118605040896,0.03810154077783172,-0.025498819535098582,-0.01415889846646626,0.011597428318772881,-0.004515606759084695,0.03385103676196789,0.07047419313059115,0.019840027038666268,0.012275756097814465,-0.005222327945813241,-0.00530284595940963,-0.03703778351891569
wrong_fragment,-0.009865808515814936,0.16953456694791869,0.08440418595177437,0.06721426163393518,-0.0006926548846872326,-0.0004401505789847372,-0.0012607573549762074,1.0,-0.0006922656209681475,-0.008507981666009759,-0.0024181753276660643,-0.07241794463371991,-0.0010437376443352148,-0.0032798446299006434,-0.0021867356015527616,-0.0011083027925635578,-0.002342756692682295,-0.001665333037703026,-0.0036887374840182605,,-0.00025212745008754595,-0.008727695212282859,-0.020818565458606997,0.02445668690513263,-0.04331631510909047,-0.056549068124008235,-0.033051830957136,-0.033506544453256494,0.054759224152193524,-0.026638155147263656,-0.026246711800449702,0.041056258721931596,-0.04524007300633404,-0.048733381850538715,0.059796526849251096,0.037176632407890334,-0.01625198519259923,-0.05191664250134102,-0.055917452094164016,0.028890447180472796,-0.03368152825772798,-0.15713000801456092
urgent,0.0038298971819158696,-0.0009647249611789024,0.01098046423728732,0.005810585672499392,-5.882150329703924e-05,0.000248197492653182,-0.00010899083684383468,-0.0006922656209681475,1.0,0.0002925530803754948,0.09750679083276134,0.007299346555579023,0.03332901859034761,0.07519865028499512,0.0977102119682905,0.032470244713504195,0.024917775916444087,-0.0001439658794664442,0.010802679755348927,,-2.179609079247693e-05,-0.0007544979223402105,-0.005614611567521559,-0.0028476950964348106,-0.004929441356684321,-0.004888593537248153,-0.002896060683104945,-0.002896597275670505,0.005966634559277619,-0.0027051426914182436,-0.0028975882654111895,-0.006940618656588803,-0.007897259595733794,-0.004489245998173225,0.006840358566160813,0.0027408854109334793,0.005176047956153823,-0.004748635010127785,-0.004833991151321223,-0.002998735643827585,-0.002911724398433842,-0.016411213876571067
hot,0.0007051205662111453,-0.011856521592063993,-0.06406644459768464,0.06843729968842743,0.00029494482697164866,-0.0003439344442699285,-0.0013395032391375792,-0.008507981666009759,0.0002925530803754948,1.0,0.003715280972689601,0.11643491947884911,0.0020135061721184623,0.015378729132079383,0.00012978251546963906,0.0015103092801168057,0.02871634182195081,0.004722596994901451,-0.001986969481634009,,0.0010426116043715167,0.8602881047178524,-0.06869720022902275,-0.0345753470402667,-0.05908255541250928,-0.05871269191309294,-0.03238206373185847,-0.031435866790705196,0.06936538674481968,-0.016212464231743363,-0.026780513925871437,-0.012249442392107776,-0.05186388437059426,-0.03629284179619778,-0.012293150111823721,-0.03453629138310045,-0.024714964088818375,-0.05822247853498551,-0.058214433297080904,-0.0305548446203161,-0.031669834430818236,-0.16001318266724848
num_failed_logins,0.00952824993634988,-0.003369911820615757,0.03304256411741498,-0.006062727298961479,-0.0002082552402834892,0.0005039616026691721,-0.0003807194010715765,-0.0024181753276660643,0.09750679083276134,0.003715280972689601,1.0,-0.006438663493734795,0.01908493448653613,0.03256746940875999,0.07317517463956119,0.018111903684470063,0.021773573717499852,-0.0005028918484564124,0.0006519553092557969,,-7.613662645882297e-05,0.006445761671572438,-0.019543622208110727,-0.009879733066802671,-0.015254005709568825,-0.01589888795695316,0.022192639099095832,0.021870147326915734,0.019477165227638947,-0.004437682037943637,-0.010121658855964229,-0.025475566393806173,-0.023052821172941978,-0.0015756178407120049,-0.0019453773890001648,-0.005525675862659206,0.003302430719316954,-0.011648294324641307,-0.0122988093756839,0.018660188941808587,0.017359014831386854,-0.07317771859496378
logged_in,-0.06421767647301042,-0.10091993117861306,-0.13942737155160567,0.5893630615332401,-0.003352701892719605,-0.002894159455932655,-0.011401537428799888,-0.07241794463371991,0.007299346555579023,0.11643491947884911,-0.006438663493734795,1.0,0.014412693561164657,0.04529049597430118,0.030196046195634707,0.015304256399007253,0.0322834106876876,0.02299613785127457,0.05093678787316165,,0.0034815604248749775,0.11967827706914552,-0.5397536337098285,-0.1997440576253435,-0.491924995023048,-0.49016700659470086,-0.2875142957566356,-0.2835315069373967,0.6005357192353573,-0.2213231255307837,0.13107431058413793,-0.4010836755375544,0.6243646043689399,0.6040583060021741,-0.256064556823491,-0.16099393806467713,-0.05595329902926164,-0.49147810664592145,-0.4932639954458706,-0.27597209668825334,-0.2728057413687,0.26981815178621005
num_compromised,0.04267947481744216,-0.0014545280422911153,0.01979770133808874,0.007204079935620577,-8.55780041113033e-05,0.0012326151192331412,-0.00016432686508744467,-0.0010437376443352148,0.03332901859034761,0.0020135061721184623,0.01908493448653613,0.014412693561164657,1.0,0.224872231307239,0.3627016004469931,0.9988334525784719,0.01597625118465474,0.0013375258482389786,0.2996313980365815,,0.0011439400856640383,-0.0011375660732910954,-0.008433827736187404,-0.00427941468298063,-0.005297422440052345,-0.005277504915784943,-0.0036820304931683596,-0.003642362766073447,0.008943531210242075,-0.004034685755006929,-0.004227201550703285,-0.010928059708850375,-0.010321457205164293,-0.004994995318291278,0.002980582755620339,-0.0020447818460798688,0.004251549261885726,-0.004377371060365315,-0.0048977925820792205,-0.0036466777033217603,-0.0032188634822749246,-0.006100912343001924
root_shell,0.052790950792929066,-0.004570713736771803,0.033257848923430026,0.022045974971584763,-0.0002719092436242283,0.0010691333602385355,-0.0005163812850199096,-0.0032798446299006434,0.07519865028499512,0.015378729132079383,0.03256746940875999,0.04529049597430118,0.224872231307239,1.0,0.6090834457114719,0.24334852609632268,0.06491860183864219,0.11664782621818333,0.3651521597388247,,-0.0001032664185151289,-0.0035746913957648866,-0.02562953198170116,-0.011891540503899642,-0.01822029629491132,-0.017795550433704642,-0.008983365167760639,-0.00936797176176384,0.02765231440874895,-0.009809624635337055,-0.012125723932991996,-0.029884517080622803,-0.00649114209101233,0.0076084918498169835,-0.005141438748841565,0.0015679585881101662,0.013391140248238969,-0.017408452083235774,-0.015744360091209397,-0.009106777779188988,-0.009742351344006911,-0.06163053257002381
su_attempted,0.08718341292134528,-0.003047382903929741,0.04294949140627135,0.012013677905693305,-0.00018554151338019025,0.0011334146784607473,-0.0003442813509013078,-0.0021867356015527616,0.0977102119682905,0.00012978251546963906,0.07317517463956119,0.030196046195634707,0.3627016004469931,0.6090834457114719,1.0,0.3910378673426708,0.044406709340730384,0.007471026447273882,0.5651311920438137,,-6.884971067020278e-05,-0.002383315620630536,-0.017729350327904073,-0.008990487227431072,-0.007301901202676824,-0.006790081744723054,-0.005856281244453088,-0.006433835594934537,0.018447570390625456,-0.006595072286408839,-0.009152930936762102,-0.013013745395590267,-0.02103669945425832,-0.015605773764878093,0.00383371375196727,-0.005982282265589456,0.00947485595720706,-0.005730752750914183,-0.004161396704265254,-0.004873170191808963,-0.005240828137026714,-0.02440173419360131
num_root,0.04551915736140821,-0.0015445045025276167,0.020174372688509298,0.007713144532124496,-9.345557461970888e-05,0.001229255485270817,-0.00017449205215323304,-0.0011083027925635578,0.032470244713504195,0.0015103092801168057,0.018111903684470063,0.015304256399007253,0.9988334525784719,0.24334852609632268,0.3910378673426708,1.0,0.016396922546834745,0.002028325323938995,0.32779152872622735,,0.0011198381948280141,-0.0012079354065619645,-0.008969939059215441,-0.004552592189054959,-0.0057143735048754635,-0.005675275519717405,-0.003986728800649213,-0.004001072891357721,0.009471251253449692,-0.004074483663488424,-0.004502269637001941,-0.011545985325840388,-0.011126106849987076,-0.005918364359600287,0.0033424211283111806,-0.0016457788840946543,0.004495915235906822,-0.0048033325856438325,-0.005281509249608026,-0.0038268891177502583,-0.003496964182017756,-0.00512550427727877
num_file_creations,0.09911569750163153,-0.003264810198488417,0.040815679975433984,0.01565678705781955,-0.00017877782478795977,8.857434689626274e-05,-0.0003688454326243303,-0.002342756692682295,0.024917775916444087,0.02871634182195081,0.021773573717499852,0.0322834106876876,0.01597625118465474,0.06491860183864219,0.044406709340730384,0.016396922546834745,1.0,0.03870783214516718,0.10341431983788142,,-7.376205900124522e-05,0.0022006943523741208,-0.018700785563008342,-0.009519926812804714,-0.01207803746688055,-0.01249386590527317,-0.00703595720794909,-0.0071164005089509735,0.019046332244005294,-0.007869273748745574,-0.007364672140937501,-0.0013439048069056856,-0.019310887277577127,-0.017324792110366635,0.006183850225020234,-0.006837156851725642,0.0009737845201746696,0.003405263443942446,-0.00024702006583729544,-0.005235085637668479,-0.004175763671835976,-0.035187177296878334
num_shells,-0.001593467346835238,-0.0023207686493245394,0.0025445599743887755,0.01397810319582857,-0.0001341555152979081,-8.338780401174289e-05,-0.00026219132642915275,-0.001665333037703026,-0.0001439658794664442,0.004722596994901451,-0.0005028918484564124,0.02299613785127457,0.0013375258482389786,0.11664782621818333,0.007471026447273882,0.002028325323938995,0.03870783214516718,1.0,0.01724060861012758,,-5.243326981733207e-05,-0.0018150407573240175,-0.012537791687509955,-0.005505394617514403,-0.011545769869404707,-0.011704092136525596,-0.006966842478790847,-0.006968133320485207,0.011276311823817541,-0.0019028803400338678,-0.006309377253801655,-0.009944892132067918,-0.011903168622677507,-0.006133794513650693,-0.0031701147636631353,0.013162262639782187,-0.001978238846980411,-0.010895842121529725,-0.009115308386369751,-0.004552102221880253,-0.006780467491243171,-0.029863115051598207
num_access_files,0.07041992093461003,-0.0051405371266192035,0.030100163788282914,0.029476479548296564,-0.00030945095059966307,0.00033948839987967916,-0.0005807576934387023,-0.0036887374840182605,0.010802679755348927,-0.001986969481634009,0.0006519553092557969,0.05093678787316165,0.2996313980365815,0.3651521597388247,0.5651311920438137,0.32779152872622735,0.10341431983788142,0.01724060861012758,1.0,,-0.00011614047365061012,-0.0023665914649496135,-0.02934608746653955,-0.014202802647343603,-0.024119313932841745,-0.02422784014881479,-0.014466847322064814,-0.012396022260472409,0.03082466883474652,-0.01207953649066613,0.007536362356954005,-0.007394545782106298,0.002382856132769071,0.0069253244724841725,0.0004893386025838661,-0.011846944541976948,4.832764090413717e-05,-0.017951272059329938,-0.019736902509074988,-0.013226914031388825,-0.012854407511593245,-0.0019207271835789013
num_outbound_cmds,,,,,,,,,,,,,,,,,,,,,,,,,,,,,,,,,,,,,,,,,,
is_host_login,-0.00025761943672739687,-0.0003513588384725163,0.004959454272886249,0.002116251486060586,-2.1780314189586445e-05,-8.427506964028289e-06,-3.96951414948403e-05,-0.00025212745008754595,-2.179609079247693e-05,0.0010426116043715167,-7.613662645882297e-05,0.0034815604248749775,0.0011439400856640383,-0.0001032664185151289,-6.884971067020278e-05,0.0011198381948280141,-7.376205900124522e-05,-5.243326981733207e-05,-0.00011614047365061012,,1.0,-0.00027479284178513476,-0.0020448764966423034,-0.001037148287512543,-0.0017953332391095298,-0.0017804562089001213,-0.0010547633353637832,-0.0010549587657176856,0.0021730854623851306,-0.0009852298138919497,-0.0010553196903524064,0.002069005701624678,-0.0024853751418309517,-0.0028318912570599853,0.0074127908448193775,-0.0013529516989364213,-0.0008145470728877854,0.0018721595259642764,-0.000685835438595904,-0.0010921581954445717,-0.0005312919581340987,-0.0030788539787764357
is_guest_login,0.00044022488199309674,-0.012162709182460959,-0.07274322854963836,0.07075130544784698,-0.0007415524478460797,-0.0004206422048272865,-0.0013740951104495697,-0.008727695212282859,-0.0007544979223402105,0.8602881047178524,0.006445761671572438,0.11967827706914552,-0.0011375660732910954,-0.0035746913957648866,-0.002383315620630536,-0.0012079354065619645,0.0022006943523741208,-0.0018150407573240175,-0.0023665914649496135,,-0.00027479284178513476,1.0,-0.0707291748285913,-0.035870462734890654,-0.060307209082154714,-0.05979455661816374,-0.03540160178580089,-0.03524928801438509,0.07059441522038896,-0.014474084475640409,-0.03178770893952345,-0.014193327352904496,-0.0662027665261012,-0.05429694570371123,-0.0070992166598984495,-0.035546060145305786,-0.024816846933188832,-0.06074295897714161,-0.06048332390407873,-0.030711647034681835,-0.033082805088520205,-0.11435918920679766
count,-0.0790423188965538,-0.057612211607323355,0.09926034613293688,-0.4707206152955709,-0.0051521094087675695,-0.0035429875502724245,-0.009836557678270758,-0.020818565458606997,-0.005614611567521559,-0.06869720022902275,-0.019543622208110727,-0.5397536337098285,-0.008433827736187404,-0.02562953198170116,-0.017729350327904073,-0.008969939059215441,-0.018700785563008342,-0.012537791687509955,-0.02934608746653955,,-0.0020448764966423034,-0.0707291748285913,1.0,0.47107947936119177,0.4575556826967854,0.45209161980853896,0.161056318430776,0.1629918268013958,-0.6280240516800348,0.2226354442975593,-0.26306000240333977,0.46809180569110675,-0.3959710691884915,-0.4739570675643258,0.16745399398357236,-0.13823028517615743,-0.20559258693182567,0.4590466051136254,0.4608087973682408,0.1783252543444557,0.167708210218333,-0.03069754131287113
srv_count,-0.03947023790265714,0.03732875283296255,-0.2609273277895558,0.1971779267150833,-0.002792373754854404,-0.0017544106808313528,-0.005031062869801056,0.02445668690513263,-0.0028476950964348106,-0.0345753470402667,-0.009879733066802671,-0.1997440576253435,-0.00427941468298063,-0.011891540503899642,-0.008990487227431072,-0.004552592189054959,-0.009519926812804714,-0.005505394617514403,-0.014202802647343603,,-0.001037148287512543,-0.035870462734890654,0.47107947936119177,1.0,-0.14826022610142725,-0.1474059015645176,-0.11339302553256762,-0.1136613056270568,0.19057355787020125,-0.10849509963037465,-0.07707979432103788,0.15040678109052966,0.20224835971999264,0.18111600219335772,-0.10636374146561244,0.15853948314952987,-0.05914131143433633,-0.1458251311468861,-0.1450802178615345,-0.10114871480087734,-0.11276696235121647,-0.1149436676769554
serror_rate,-0.06987295957015226,-0.07660897564948885,0.2762322596574665,-0.4515837393642284,-0.0032283690910251727,-0.0030589111050155675,0.02173389820624679,-0.04331631510909047,-0.004929441356684321,-0.05908255541250928,-0.015254005709568825,-0.491924995023048,-0.005297422440052345,-0.01822029629491132,-0.007301901202676824,-0.0057143735048754635,-0.01207803746688055,-0.011545769869404707,-0.024119313932841745,,-0.0017953332391095298,-0.060307209082154714,0.4575556826967854,-0.14826022610142725,1.0,0.9932892425370462,-0.22753589842137872,-0.22717096815211665,-0.7618875139505153,0.05149399516814505,-0.22402183798004285,0.3955832634321881,-0.557803081944994,-0.6227973221644276,-0.01819268142372068,-0.27597462478938517,-0.17285258085135813,0.979373082984311,0.9811389586179897,-0.23181025369079494,-0.22662032310988856,0.009049158102651715
srv_serror_rate,-0.0695102829381316,-0.07880544100159943,0.27334627215697443,-0.4469147115213066,-0.003438183465552919,-0.0030379473066900493,0.02261400413613031,-0.056549068124008235,-0.004888593537248153,-0.05871269191309294,-0.01589888795695316,-0.49016700659470086,-0.005277504915784943,-0.017795550433704642,-0.006790081744723054,-0.005675275519717405,-0.01249386590527317,-0.011704092136525596,-0.02422784014881479,,-0.0017804562089001213,-0.05979455661816374,0.45209161980853896,-0.1474059015645176,0.9932892425370462,1.0,-0.22781409406705197,-0.23450699569013228,-0.7567840292328145,0.0449866206040984,-0.22573753482691367,0.39335369472851023,-0.5550315677818551,-0.6191298270896263,-0.028692577922859275,-0.2750707307651101,-0.17108102440464273,0.9775960119654399,0.9862517164931046,-0.23506545175512367,-0.23314155921117952,0.013218659424629861
rerror_rate,0.20068198441424187,-0.046543587731822995,0.14783911356068521,-0.7392499841493237,0.013781667466759132,0.011176399358201854,-0.004095980182299055,-0.033051830957136,-0.002896060683104945,-0.03238206373185847,0.022192639099095832,-0.2875142957566356,-0.0036820304931683596,-0.008983365167760639,-0.005856281244453088,-0.003986728800649213,-0.00703595720794909,-0.006966842478790847,-0.014466847322064814,,-0.0010547633353637832,-0.03540160178580089,0.161056318430776,-0.11339302553256762,-0.22753589842137872,-0.22781409406705197,1.0,0.9890076529820762,-0.209826088581562,0.2675969947258544,-0.07606277051450097,0.06845561112999571,-0.2510753752306932,-0.2576134898997666,0.3760033125952063,0.03267841018188912,0.03408744955515988,-0.22625746470324293,-0.22498504395991087,0.9267485035758941,0.9644486655034351,-0.10441774461385331
srv_rerror_rate,0.1999610816706728,-0.04669392617201245,0.14703383351785032,-0.7399567312136527,0.013975377301566389,0.01105162512704318,-0.005275296373375304,-0.033506544453256494,-0.002896597275670505,-0.031435866790705196,0.021870147326915734,-0.2835315069373967,-0.003642362766073447,-0.00936797176176384,-0.006433835594934537,-0.004001072891357721,-0.0071164005089509735,-0.006968133320485207,-0.012396022260472409,,-0.0010549587657176856,-0.03524928801438509,0.1629918268013958,-0.1136613056270568,-0.22717096815211665,-0.23450699569013228,0.9890076529820762,1.0,-0.20980549749117616,0.27532322451176244,-0.07329505782383228,0.07101891075538258,-0.24950012660492385,-0.25556537357476694,0.38009788507892805,0.029801859076772182,0.03097378705272291,-0.22646977521683104,-0.2307511153149231,0.9178223356828635,0.9702079974522381,-0.10398301342506054
same_srv_rate,0.07468058598343376,0.04595109806192401,-0.36953550163668847,0.7171271661211576,0.0038986968088006845,0.0037877424182033927,0.008738500336686206,0.054759224152193524,0.005966634559277619,0.06936538674481968,0.019477165227638947,0.6005357192353573,0.008943531210242075,0.02765231440874895,0.018447570390625456,0.009471251253449692,0.019046332244005294,0.011276311823817541,0.03082466883474652,,0.0021730854623851306,0.07059441522038896,-0.6280240516800348,0.19057355787020125,-0.7618875139505153,-0.7567840292328145,-0.209826088581562,-0.20980549749117616,1.0,-0.37683766118267714,0.2771548892042253,-0.5097806071012334,0.7054097939154707,0.7889779634629471,-0.1664881210026556,0.27972265761540277,0.21626274285891103,-0.7606480292966593,-0.7653220593832233,-0.21471497162132563,-0.21409057713994378,-0.016110660932420976
diff_srv_rate,-0.013737578959260095,0.014730048113819453,0.20991719925152222,-0.29586087616523055,-0.0004320053443997703,-0.0017027504091802778,-0.00155118605040896,-0.026638155147263656,-0.0027051426914182436,-0.016212464231743363,-0.004437682037943637,-0.2213231255307837,-0.004034685755006929,-0.009809624635337055,-0.006595072286408839,-0.004074483663488424,-0.007869273748745574,-0.0019028803400338678,-0.01207953649066613,,-0.0009852298138919497,-0.014474084475640409,0.2226354442975593,-0.10849509963037465,0.05149399516814505,0.0449866206040984,0.2675969947258544,0.27532322451176244,-0.37683766118267714,1.0,-0.10117771940751465,0.19084207292852268,-0.30044325424096924,-0.33073467900111025,0.49658969878983594,-0.010664297887883117,-0.0855881349850227,0.05039874588299124,0.04731886949030762,0.22538771389981432,0.27810258135108334,-0.055575194228007434
srv_diff_host_rate,-0.040158095326093636,-0.23656953814536844,-0.09017189492598866,0.21311356734792938,-0.0026080961517649954,-0.0016743133395838701,0.03810154077783172,-0.026246711800449702,-0.0028975882654111895,-0.026780513925871437,-0.010121658855964229,0.13107431058413793,-0.004227201550703285,-0.012125723932991996,-0.009152930936762102,-0.004502269637001941,-0.007364672140937501,-0.006309377253801655,0.007536362356954005,,-0.0010553196903524064,-0.03178770893952345,-0.26306000240333977,-0.07707979432103788,-0.22402183798004285,-0.22573753482691367,-0.07606277051450097,-0.07329505782383228,0.2771548892042253,-0.10117771940751465,1.0,-0.36004981886926163,0.15304834442104073,0.2914177690685568,-0.11872608514620239,0.24836551344086635,0.3796773018438326,-0.22671454679915906,-0.22702663477384352,-0.07679803707857535,-0.08142515825623545,-0.04440788384132774
dst_host_count,0.05057003428877878,0.23614000096937252,0.19285650336563007,-0.3167521878984696,-0.0057908826697756575,0.002527818265981304,-0.025498819535098582,0.041056258721931596,-0.006940618656588803,-0.012249442392107776,-0.025475566393806173,-0.4010836755375544,-0.010928059708850375,-0.029884517080622803,-0.013013745395590267,-0.011545985325840388,-0.0013439048069056856,-0.009944892132067918,-0.007394545782106298,,0.002069005701624678,-0.014193327352904496,0.46809180569110675,0.15040678109052966,0.3955832634321881,0.39335369472851023,0.06845561112999571,0.07101891075538258,-0.5097806071012334,0.19084207292852268,-0.36004981886926163,1.0,-0.3032073003504786,-0.5181446767802432,0.1443697314483711,-0.3130143735314007,-0.4558710824743927,0.4109221238430777,0.40753162752035893,0.07192359830140575,0.06714294877850609,0.020445490159306516
dst_host_srv_count,-0.10977556119998436,0.10391863847667178,-0.40769591000718525,0.5826870843863955,-0.0068605026289299854,-0.004223696085325192,-0.01415889846646626,-0.04524007300633404,-0.007897259595733794,-0.05186388437059426,-0.023052821172941978,0.6243646043689399,-0.010321457205164293,-0.00649114209101233,-0.02103669945425832,-0.011126106849987076,-0.019310887277577127,-0.011903168622677507,0.002382856132769071,,-0.0024853751418309517,-0.0662027665261012,-0.3959710691884915,0.20224835971999264,-0.557803081944994,-0.5550315677818551,-0.2510753752306932,-0.24950012660492385,0.7054097939154707,-0.30044325424096924,0.15304834442104073,-0.3032073003504786,1.0,0.8966634699359223,-0.3903143515345715,-0.06862761565639179,-0.004670306177043354,-0.5725956929353022,-0.5675935997513023,-0.2503071569193142,-0.25284803388728005,0.2730329945298116
dst_host_same_srv_rate,-0.1160049555779,0.0017017170246128976,-0.4526961665453075,0.6301183245778188,-0.00657185417146129,-0.004423514782546861,0.011597428318772881,-0.048733381850538715,-0.004489245998173225,-0.03629284179619778,-0.0015756178407120049,0.6040583060021741,-0.004994995318291278,0.0076084918498169835,-0.015605773764878093,-0.005918364359600287,-0.017324792110366635,-0.006133794513650693,0.0069253244724841725,,-0.0028318912570599853,-0.05429694570371123,-0.4739570675643258,0.18111600219335772,-0.6227973221644276,-0.6191298270896263,-0.2576134898997666,-0.25556537357476694,0.7889779634629471,-0.33073467900111025,0.2914177690685568,-0.5181446767802432,0.8966634699359223,1.0,-0.41934136248623066,0.13594629354740295,0.1991865608345956,-0.6392045082743875,-0.6320476354066329,-0.2571779585388859,-0.2581469084844884,0.12698059396235786
dst_host_diff_srv_rate,0.2541951745852436,0.1313802829635008,0.2840723209604493,-0.2836070740133991,0.0009001340104720489,0.011031428224589756,-0.004515606759084695,0.059796526849251096,0.006840358566160813,-0.012293150111823721,-0.0019453773890001648,-0.256064556823491,0.002980582755620339,-0.005141438748841565,0.00383371375196727,0.0033424211283111806,0.006183850225020234,-0.0031701147636631353,0.0004893386025838661,,0.0074127908448193775,-0.0070992166598984495,0.16745399398357236,-0.10636374146561244,-0.01819268142372068,-0.028692577922859275,0.3760033125952063,0.38009788507892805,-0.1664881210026556,0.49658969878983594,-0.11872608514620239,0.1443697314483711,-0.3903143515345715,-0.41934136248623066,1.0,0.2325671860456357,0.016674301941250608,-0.01773440763208364,-0.026100872404324484,0.4091233726107205,0.3850910333164767,-0.17557023987530226
dst_host_same_src_port_rate,0.2287373765622766,-0.20910522659433203,-0.1111629315854195,0.19568944946190014,0.0004313195861868898,0.011747316149482186,0.03385103676196789,0.037176632407890334,0.0027408854109334793,-0.03453629138310045,-0.005525675862659206,-0.16099393806467713,-0.0020447818460798688,0.0015679585881101662,-0.005982282265589456,-0.0016457788840946543,-0.006837156851725642,0.013162262639782187,-0.011846944541976948,,-0.0013529516989364213,-0.035546060145305786,-0.13823028517615743,0.15853948314952987,-0.27597462478938517,-0.2750707307651101,0.03267841018188912,0.029801859076772182,0.27972265761540277,-0.010664297887883117,0.24836551344086635,-0.3130143735314007,-0.06862761565639179,0.13594629354740295,0.2325671860456357,1.0,0.4052168782299494,-0.27891038909669197,-0.276497009438003,0.03809411296672094,0.027767817521329025,-0.34142208872361207
dst_host_srv_diff_host_rate,-0.026669376728930015,-0.35618296174348085,-0.15621058166214946,0.07377278021137183,-0.0016548715528629785,-0.0012806096135408486,0.07047419313059115,-0.01625198519259923,0.005176047956153823,-0.024714964088818375,0.003302430719316954,-0.05595329902926164,0.004251549261885726,0.013391140248238969,0.00947485595720706,0.004495915235906822,0.0009737845201746696,-0.001978238846980411,4.832764090413717e-05,,-0.0008145470728877854,-0.024816846933188832,-0.20559258693182567,-0.05914131143433633,-0.17285258085135813,-0.17108102440464273,0.03408744955515988,0.03097378705272291,0.21626274285891103,-0.0855881349850227,0.3796773018438326,-0.4558710824743927,-0.004670306177043354,0.1991865608345956,0.016674301941250608,0.4052168782299494,1.0,-0.1747619085892763,-0.17330113439966222,0.03979160898653559,0.04035160543176354,-0.23250950556827343
dst_host_serror_rate,-0.06494796244229974,-0.07939797157469959,0.28163461140878665,-0.4434405441385708,-0.00450274189046821,-0.0030235657657113942,0.019840027038666268,-0.05191664250134102,-0.004748635010127785,-0.05822247853498551,-0.011648294324641307,-0.49147810664592145,-0.004377371060365315,-0.017408452083235774,-0.005730752750914183,-0.0048033325856438325,0.003405263443942446,-0.010895842121529725,-0.017951272059329938,,0.0018721595259642764,-0.06074295897714161,0.4590466051136254,-0.1458251311468861,0.979373082984311,0.9775960119654399,-0.22625746470324293,-0.22646977521683104,-0.7606480292966593,0.05039874588299124,-0.22671454679915906,0.4109221238430777,-0.5725956929353022,-0.6392045082743875,-0.01773440763208364,-0.27891038909669197,-0.1747619085892763,1.0,0.9850522227996314,-0.235534832766927,-0.22791382694502638,0.004644212731557653
dst_host_srv_serror_rate,-0.06436051447487312,-0.07792523587308232,0.2775942198241544,-0.44322472168965643,-0.0033970208665768695,-0.002943924463584744,0.012275756097814465,-0.055917452094164016,-0.004833991151321223,-0.058214433297080904,-0.0122988093756839,-0.4932639954458706,-0.0048977925820792205,-0.015744360091209397,-0.004161396704265254,-0.005281509249608026,-0.00024702006583729544,-0.009115308386369751,-0.019736902509074988,,-0.000685835438595904,-0.06048332390407873,0.4608087973682408,-0.1450802178615345,0.9811389586179897,0.9862517164931046,-0.22498504395991087,-0.2307511153149231,-0.7653220593832233,0.04731886949030762,-0.22702663477384352,0.40753162752035893,-0.5675935997513023,-0.6320476354066329,-0.026100872404324484,-0.276497009438003,-0.17330113439966222,0.9850522227996314,1.0,-0.23450812756382738,-0.2329170467613239,0.016217517473484273
dst_host_rerror_rate,0.1738152898998139,-0.015434298609394173,0.15066648078571526,-0.6833097055667018,-0.001468269635838308,0.011729272441183755,-0.005222327945813241,0.028890447180472796,-0.002998735643827585,-0.0305548446203161,0.018660188941808587,-0.27597209668825334,-0.0036466777033217603,-0.009106777779188988,-0.004873170191808963,-0.0038268891177502583,-0.005235085637668479,-0.004552102221880253,-0.013226914031388825,,-0.0010921581954445717,-0.030711647034681835,0.1783252543444557,-0.10114871480087734,-0.23181025369079494,-0.23506545175512367,0.9267485035758941,0.9178223356828635,-0.21471497162132563,0.22538771389981432,-0.07679803707857535,0.07192359830140575,-0.2503071569193142,-0.2571779585388859,0.4091233726107205,0.03809411296672094,0.03979160898653559,-0.235534832766927,-0.23450812756382738,1.0,0.9246878915781156,-0.10088544510378393
dst_host_srv_rerror_rate,0.19902360421159196,-0.04693777945442671,0.14840516399983447,-0.7187779083961026,0.012449289597552407,0.011223330790380369,-0.00530284595940963,-0.03368152825772798,-0.002911724398433842,-0.031669834430818236,0.017359014831386854,-0.2728057413687,-0.0032188634822749246,-0.009742351344006911,-0.005240828137026714,-0.003496964182017756,-0.004175763671835976,-0.006780467491243171,-0.012854407511593245,,-0.0005312919581340987,-0.033082805088520205,0.167708210218333,-0.11276696235121647,-0.22662032310988856,-0.23314155921117952,0.9644486655034351,0.9702079974522381,-0.21409057713994378,0.27810258135108334,-0.08142515825623545,0.06714294877850609,-0.25284803388728005,-0.2581469084844884,0.3850910333164767,0.027767817521329025,0.04035160543176354,-0.22791382694502638,-0.2329170467613239,0.9246878915781156,1.0,-0.0916624915807653
difficulty_level,-0.15631061303782845,0.08277521960270748,0.033724141500446836,0.0541785647941391,-0.0225921939673005,-0.018075626850272537,-0.03703778351891569,-0.15713000801456092,-0.016411213876571067,-0.16001318266724848,-0.07317771859496378,0.26981815178621005,-0.006100912343001924,-0.06163053257002381,-0.02440173419360131,-0.00512550427727877,-0.035187177296878334,-0.029863115051598207,-0.0019207271835789013,,-0.0030788539787764357,-0.11435918920679766,-0.03069754131287113,-0.1149436676769554,0.009049158102651715,0.013218659424629861,-0.10441774461385331,-0.10398301342506054,-0.016110660932420976,-0.055575194228007434,-0.04440788384132774,0.020445490159306516,0.2730329945298116,0.12698059396235786,-0.17557023987530226,-0.34142208872361207,-0.23250950556827343,0.004644212731557653,0.016217517473484273,-0.10088544510378393,-0.0916624915807653,1.0
