,dur,proto,service,state,spkts,dpkts,sbytes,dbytes,rate,sttl,dttl,sload,dload,sloss,dloss,sinpkt,dinpkt,sjit,djit,swin,stcpb,dtcpb,dwin,tcprtt,synack,ackdat,smean,dmean,trans_depth,response_body_len,ct_srv_src,ct_state_ttl,ct_dst_ltm,ct_src_dport_ltm,ct_dst_sport_ltm,ct_dst_src_ltm,is_ftp_login,ct_ftp_cmd,ct_flw_http_mthd,ct_src_ltm,ct_srv_dst,is_sm_ips_ports
dur,1.0,-0.11011563440440698,-0.006340939692221232,0.030656064885956083,0.27533275116986783,0.19808840837239755,0.22262045605365643,0.15072634062684495,-0.12964454445496829,0.006414415747209879,0.059431607440940365,-0.08405040187613709,-0.04256251185263708,0.22613865948541764,0.14942641523286312,0.07237979786698912,0.13197870168269193,0.14396591565922084,0.14833150744382229,0.041095672115326505,0.026654423757902987,0.028053809600516684,0.03599097031126503,0.060164970354699254,0.055348518400125196,0.0576135479506576,0.10131991918144337,0.03186984350106562,-0.0005012694906481974,0.07640564661253832,-0.12300588293014786,0.17245830405093468,-0.09413697962660875,-0.10243994010626972,-0.10219536813973526,-0.10901110496591575,0.022755077599312327,0.022680658950400754,0.00903771665994497,-0.09210188821263103,-0.12537892817290752,0.02594654960077938
proto,-0.11011563440440698,1.0,0.17466695497635015,-0.14542087825262806,0.009436289755528557,0.019973650441124122,0.005656842252342583,0.011827168926638173,0.004318699273247071,0.026971038613189963,0.10507240568771038,-0.0029120912570132886,0.03586217846306585,0.009838076306007868,0.014963514322529053,-0.48420695689942334,-0.03909240698044589,0.014565006503911864,0.01801101390396072,0.12235862876904477,0.09546032344704897,0.09542208259304721,0.1206033080661283,0.07122448047728931,0.06365817748535882,0.07035221709884498,0.03664914422416923,0.06513705241952361,0.01736702603520422,0.004909855838320839,0.20488322854662197,-0.13095888940510114,0.1924194007728596,0.18163359000524965,0.17152286752325985,0.18076342348783697,0.015975183578762046,0.015972295977482082,0.033371831552890155,0.16895114772339834,0.2027696408148564,-0.5038773931072169
service,-0.006340939692221232,0.17466695497635015,1.0,-0.14676086639990366,0.11608583254403493,0.07924484488459427,0.10692588831977355,0.03952617647547901,-0.14364978537889822,-0.3344311904380615,0.2861775525632739,-0.17124853758252906,-0.09452519355904733,0.1148265141927767,0.0541807358928115,-0.08049220960015561,-0.028452528930974615,-0.025751675699013828,0.07940739866651382,0.2894990806767424,0.23666404222459483,0.23815529087214515,0.3005535969835482,0.12699690199824876,0.08993519116563474,0.15259831155692072,0.20858665028216744,0.17865061403400698,0.1781643122616803,0.051716206759511,-0.06920111186154206,-0.20808686072019505,0.03343281932790472,0.02823880199017673,0.03981910812434546,-0.017061889922013716,0.06829205344678378,0.06827970928685638,0.34051251637751734,0.0067465238020998014,-0.057646302939363445,-0.07617304857175593
state,0.030656064885956083,-0.14542087825262806,-0.14676086639990366,1.0,-0.0911119774487617,-0.10433083484523638,-0.06088504293663646,-0.06284002865713113,0.4615122298322681,0.597846882684571,-0.47057005445992156,0.2989304054528056,-0.15274164146631605,-0.07233734439028074,-0.07450636935503596,0.07557287141416745,-0.08365121084468992,-0.060140150481609124,-0.08079278344903239,-0.464972286180974,-0.3914065946904541,-0.39206306746097186,-0.4942213616778044,-0.36522466954836874,-0.33592531574472095,-0.3498075485383689,-0.10454914058311025,-0.2852825347085162,-0.06450634107187926,-0.027890645847906424,0.42296624580689696,0.694902785672865,0.35683873505396246,0.39274296698276756,0.42915901275733626,0.4468402940046487,-0.06259702372811148,-0.06268561798948691,-0.12511424641114702,0.3594331544626032,0.42636118978969756,0.07827335365676466
spkts,0.27533275116986783,0.009436289755528557,0.11608583254403493,-0.0911119774487617,1.0,0.35759988836873496,0.9767693320372318,0.16420875249318154,-0.06957192414720721,-0.08913561119101435,0.07840077366182255,-0.04504426750110165,0.05590252548437087,0.9812698079841061,0.16301455297446185,-0.012652050622251743,-0.0007820333582451444,-0.0009439080472768565,0.009744981389548718,0.11556914479860701,0.09268658488886561,0.08942026785155542,0.11724699588578592,0.040953846557063876,0.03373912952144691,0.04375216967219964,0.22738678970305237,0.10533291452464928,0.006668046250784966,0.06566044121196803,-0.0688076838889953,-0.06776457047121291,-0.056780315249315545,-0.061712375179840975,-0.06518315906066087,-0.07101022169871209,0.0065707014707719735,0.006592530847872568,0.0054385421767121946,-0.05803447918466311,-0.06926794543240306,-0.012541531517077665
dpkts,0.19808840837239755,0.019973650441124122,0.07924484488459427,-0.10433083484523638,0.35759988836873496,1.0,0.19930267416865352,0.9730674299486521,-0.0875317998564362,-0.17265113094411041,0.07337950857569835,-0.05697282906508238,0.11974865161572822,0.2091406971721342,0.9768941819518516,-0.01568682603273241,-0.005112521603149994,-0.0005035848346190138,0.040901399173281235,0.1578363755875519,0.1244871139489679,0.12197886067531966,0.16017418822013887,0.03100269422468209,0.022298985799091533,0.03685637944425798,0.02440181490108525,0.38578104099458116,0.023232944445300677,0.38790678491617464,-0.0786797165164996,-0.1211845436438347,-0.0669437742589944,-0.07665602519243234,-0.08293981210092172,-0.08599480734708036,0.010697918008612032,0.01072778111954665,0.052037032018949256,-0.07026100207082529,-0.07869099826572157,-0.015026073212947012
sbytes,0.22262045605365643,0.005656842252342583,0.10692588831977355,-0.06088504293663646,0.9767693320372318,0.19930267416865352,1.0,0.008733047180163784,-0.03155593888039985,-0.026479563513105632,0.0656113328841724,-0.019569529242709084,-0.008013550305530663,0.9965201005509682,0.005207082278157752,-0.005913292409058771,-0.00041363461592594584,-0.0027069282352781138,-0.004438956323677612,0.054625883532070214,0.04437688393780422,0.04198919592747805,0.0554624682909317,0.0383275822086112,0.03183915383607508,0.040642719590011776,0.2355571145398616,-0.006637929993531627,0.00243704046430735,0.0007307711910988937,-0.038318543272394964,-0.013473113678923577,-0.02942238405881714,-0.02893343709626157,-0.029905781034436495,-0.03461045780496326,-0.005011169022571671,-0.005009919456708873,-0.0037534986608301433,-0.02993242403316026,-0.03840728928498205,-0.0054575456846869515
dbytes,0.15072634062684495,0.011827168926638173,0.03952617647547901,-0.06284002865713113,0.16420875249318154,0.9730674299486521,0.008733047180163784,1.0,-0.0524140735203251,-0.12290964993917466,0.03804160138001504,-0.0341491785021047,0.09212125631727862,0.011877378923299358,0.9975958319084186,-0.009647587462709386,-0.006942123847262022,-0.003259942107853662,0.03453718021149725,0.09597247686259393,0.07465483229229462,0.07279127187255159,0.09737326091247202,0.011892823623419563,0.005728302668785003,0.017393971633428932,-0.03094613359094179,0.36936569994297686,0.023756685258032217,0.4098510247584608,-0.046022859420039794,-0.07073117266860696,-0.03947178137269894,-0.045594514292732806,-0.04961678707438197,-0.05059485015391271,-0.008701419503707172,-0.008698323966740928,0.054386908854488374,-0.04213634289718246,-0.04578007771711926,-0.008981011359919836
rate,-0.12964454445496829,0.004318699273247071,-0.14364978537889822,0.4615122298322681,-0.06957192414720721,-0.0875317998564362,-0.03155593888039985,-0.0524140735203251,1.0,0.3946129960098126,-0.45677430020173276,0.5703337227034777,-0.13770480869274423,-0.04372970345544128,-0.0664399413870457,-0.06800571414843475,-0.058457210539234264,-0.06745214494233914,-0.09276271887265987,-0.5311648630085999,-0.4242425709078034,-0.42415256353476755,-0.536065226248543,-0.31855082844627436,-0.2847082178698652,-0.3146523928986583,-0.13377467914354343,-0.27352581942070503,-0.07759178910510235,-0.021916616066491146,0.3703241379449895,0.40990610808797645,0.3247307397354199,0.3536053355408021,0.38730693902788493,0.3820822978211237,-0.07126948706836914,-0.07125387873098561,-0.149105185144833,0.32655926756648995,0.3764384221927364,-0.06258085457825004
sttl,0.006414415747209879,0.026971038613189963,-0.3344311904380615,0.597846882684571,-0.08913561119101435,-0.17265113094411041,-0.026479563513105632,-0.12290964993917466,0.3946129960098126,1.0,-0.15389616299782946,0.2562014230693694,-0.3774363795037863,-0.045300541608674534,-0.1465446863609411,-0.18468312874029919,0.0026018758272094303,0.024996329902883172,-0.12328639289439572,-0.4529934258177255,-0.36705552185742446,-0.3654263526736437,-0.4630385450037613,-0.059836640342186366,-0.04613440858058016,-0.06756711090393736,-0.02142420637475144,-0.5563257215297689,-0.07855036053363432,-0.051047729843669794,0.36394849345503805,0.6181372621627201,0.27861171439743615,0.33751396400911776,0.37002595667423394,0.3931869994677861,-0.13543693451012115,-0.135531708142768,-0.17856526870313025,0.28571066240110593,0.35959699029591397,-0.19841879299184295
dttl,0.059431607440940365,0.10507240568771038,0.2861775525632739,-0.47057005445992156,0.07840077366182255,0.07337950857569835,0.0656113328841724,0.03804160138001504,-0.45677430020173276,-0.15389616299782946,1.0,-0.296360202385869,-0.10284181375379765,0.07917467039775967,0.05231739382455979,-0.06746351770632918,0.10955100417876651,0.14598077507176924,0.13505650140189385,0.8042194218006959,0.6460754235874142,0.6486841431376159,0.8161985031898761,0.7517067579479789,0.6705886037618062,0.7439560150991114,0.22081239116538945,0.22184250281742007,0.14436270901628823,0.019881456380506247,-0.46566516475187153,-0.3313902615133491,-0.41074498932061715,-0.3999823037214991,-0.42515591568566835,-0.4386525368719753,0.11642261570411216,0.11601723523166008,0.28170979013103886,-0.41240396343573377,-0.4789332106035693,-0.0779100386499609
sload,-0.08405040187613709,-0.0029120912570132886,-0.17124853758252906,0.2989304054528056,-0.04504426750110165,-0.05697282906508238,-0.019569529242709084,-0.0341491785021047,0.5703337227034777,0.2562014230693694,-0.296360202385869,1.0,-0.09166832198677767,-0.028208827009346817,-0.04329014671508441,-0.04106644540095337,-0.03791614820763697,-0.043387743030480805,-0.0601841689091494,-0.3496440458199218,-0.27576972193291327,-0.275693844689128,-0.34842498845179865,-0.20656816765061844,-0.18462733956851382,-0.20403462020353663,0.2234443504183258,-0.17863209867828653,-0.05032751775065831,-0.014244448495778583,0.12704830183903815,0.2601109338740866,0.07117072174020453,0.08897572693051971,0.07091339915814945,0.1340794504892223,-0.04632393620353146,-0.04631506047005839,-0.09674472450712975,0.08374382703676045,0.1303049935719334,-0.040619196856401966
dload,-0.04256251185263708,0.03586217846306585,-0.09452519355904733,-0.15274164146631605,0.05590252548437087,0.11974865161572822,-0.008013550305530663,0.09212125631727862,-0.13770480869274423,-0.3774363795037863,-0.10284181375379765,-0.09166832198677767,1.0,0.004039964884169851,0.10619614841342193,-0.027836660447348217,-0.022328010470087915,-0.025351208932368575,-0.027797890943268514,0.2356079913727131,0.186026267340411,0.18710698552453306,0.2393751986079943,-0.11347618367381547,-0.10153072722123722,-0.11196052502525232,-0.07551036573936779,0.49344619019828834,-0.01986824326201884,0.023412922183895964,-0.07655144737480082,-0.3501469199681679,-0.08894415971746965,-0.126506094667288,-0.1361641763392465,-0.14295621889476687,-0.023420529747939806,-0.023357119936728378,-0.038909006706782025,-0.08780904030151503,-0.08192588213095572,-0.024448784436204227
sloss,0.22613865948541764,0.009838076306007868,0.1148265141927767,-0.07233734439028074,0.9812698079841061,0.2091406971721342,0.9965201005509682,0.011877378923299358,-0.04372970345544128,-0.045300541608674534,0.07917467039775967,-0.028208827009346817,0.004039964884169851,1.0,0.010646402455021315,-0.007914623132647331,0.0008758792861358089,-8.795111474933866e-05,0.0007006613719814085,0.08040595415023544,0.06463250994339885,0.06185849377879933,0.08105816031367524,0.0466881815138057,0.039408018103913166,0.04878983249538816,0.23532091755034693,0.009083774430586385,0.002778964378048441,-0.0017694623729482613,-0.04816784123633852,-0.03236577640160857,-0.038387807596674525,-0.03949880778499966,-0.041324358866674994,-0.046134637715477024,0.0033015779555168913,0.0033039788660089923,-0.0031689436112387805,-0.039947980639206356,-0.04850334577515829,-0.007491623482166592
dloss,0.14942641523286312,0.014963514322529053,0.0541807358928115,-0.07450636935503596,0.16301455297446185,0.9768941819518516,0.005207082278157752,0.9975958319084186,-0.0664399413870457,-0.1465446863609411,0.05231739382455979,-0.04329014671508441,0.10619614841342193,0.010646402455021315,1.0,-0.012114524538886846,-0.007014034508985526,-0.0027728075230836944,0.03754335686183623,0.12229751949088385,0.09579007844976961,0.09402848884415606,0.12407574635488623,0.019622844259390676,0.01215865093343056,0.025580623804788583,-0.024886088621026363,0.3771610881569602,0.022187862091030568,0.40244898655702427,-0.05926694523572065,-0.09144803207959189,-0.05045179840980166,-0.058185203721787065,-0.06300585686410375,-0.06482857453499892,0.006906311843744954,0.006914796751588879,0.0517929298161507,-0.05327362975994536,-0.05922549685443498,-0.011399811152306847
sinpkt,0.07237979786698912,-0.48420695689942334,-0.08049220960015561,0.07557287141416745,-0.012652050622251743,-0.01568682603273241,-0.005913292409058771,-0.009647587462709386,-0.06800571414843475,-0.18468312874029919,-0.06746351770632918,-0.04106644540095337,-0.027836660447348217,-0.007914623132647331,-0.012114524538886846,1.0,0.10757232257210353,0.07089360099893754,0.02545489279207075,-0.08401472929919007,-0.06670506313696202,-0.06684687437434811,-0.08430521333493708,-0.043563771922214466,-0.03851263736466108,-0.04351793672719644,-0.04202619696071444,-0.04830839071385604,-0.013189255266618773,-0.003946499235311683,-0.0808859455838952,0.08159059914541081,-0.06420688713947383,-0.05722922377691086,-0.055732084960374934,-0.07139712556847522,-0.011743367889695829,-0.011745159600189044,-0.022733752699856304,-0.07174210376507971,-0.07859825369117708,0.9386258542293432
dinpkt,0.13197870168269193,-0.03909240698044589,-0.028452528930974615,-0.08365121084468992,-0.0007820333582451444,-0.005112521603149994,-0.00041363461592594584,-0.006942123847262022,-0.058457210539234264,0.0026018758272094303,0.10955100417876651,-0.03791614820763697,-0.022328010470087915,0.0008758792861358089,-0.007014034508985526,0.10757232257210353,1.0,0.7543468081646654,0.37874248202895044,0.08475053023033734,0.07006323869387004,0.06638113341048532,0.0862693833870359,0.09959189526401417,0.09144808911680748,0.09556558527314234,0.003719077195844214,-0.013136919731468258,0.001295761467607193,-0.0027151281091442074,-0.04786941012745421,-0.05068262773644038,-0.047093171088968495,-0.043666271087233345,-0.04413415435128017,-0.04855958461862809,0.0024606071389690507,0.0024348877847858216,0.02378985573670907,-0.04859483331705064,-0.051201160807021695,-0.009956354682694865
sjit,0.14396591565922084,0.014565006503911864,-0.025751675699013828,-0.060140150481609124,-0.0009439080472768565,-0.0005035848346190138,-0.0027069282352781138,-0.003259942107853662,-0.06745214494233914,0.024996329902883172,0.14598077507176924,-0.043387743030480805,-0.025351208932368575,-8.795111474933866e-05,-0.0027728075230836944,0.07089360099893754,0.7543468081646654,1.0,0.5077101771744444,0.12184239553992791,0.09688062006510764,0.09610767883028191,0.12328201997331015,0.13158905907866017,0.12223836385633423,0.12464513239714783,-1.176411677606076e-06,-0.0016678575324811675,0.0036781731901020273,-0.0016028613044327016,-0.051067496440105734,-0.04605268426409294,-0.05136734663601877,-0.04887328747658938,-0.049715773557172015,-0.05315479215156869,0.005134789288758231,0.00509965022242541,0.041239711920185385,-0.052851735959271784,-0.055369068182882,-0.011553810379473617
djit,0.14833150744382229,0.01801101390396072,0.07940739866651382,-0.08079278344903239,0.009744981389548718,0.040901399173281235,-0.004438956323677612,0.03453718021149725,-0.09276271887265987,-0.12328639289439572,0.13505650140189385,-0.0601841689091494,-0.027797890943268514,0.0007006613719814085,0.03754335686183623,0.02545489279207075,0.37874248202895044,0.5077101771744444,1.0,0.16803884016316575,0.13521645618203565,0.13183474968321712,0.1705022959845045,0.10269325380722767,0.09093501391341988,0.10241371774063157,-0.022053815827225907,0.17686902573581356,0.04755977957921253,0.011637571248327922,-0.09232563548870668,-0.11253838816453605,-0.06961663880172922,-0.07738759609626296,-0.08098086981186223,-0.08769059576565748,0.09667831371838494,0.09641261056899271,0.10125064069166115,-0.07460217087784429,-0.09301197738369289,-0.015801909792369163
swin,0.041095672115326505,0.12235862876904477,0.2894990806767424,-0.464972286180974,0.11556914479860701,0.1578363755875519,0.054625883532070214,0.09597247686259393,-0.5311648630085999,-0.4529934258177255,0.8042194218006959,-0.3496440458199218,0.2356079913727131,0.08040595415023544,0.12229751949088385,-0.08401472929919007,0.08475053023033734,0.12184239553992791,0.16803884016316575,1.0,0.7801193217972054,0.7798048894863532,0.9855965563789695,0.5819667424477855,0.5201650472580555,0.5748146212567103,0.19102259117878295,0.46565371476440015,0.1419426026818346,0.04012878860612724,-0.494571034507871,-0.5380162952147809,-0.4335608681256493,-0.46951468183635336,-0.5107337388151473,-0.504074121885085,0.13056692210243742,0.1305433214214489,0.27275162812993137,-0.43910897562186124,-0.5072832632897555,-0.09268638191698969
stcpb,0.026654423757902987,0.09546032344704897,0.23666404222459483,-0.3914065946904541,0.09268658488886561,0.1244871139489679,0.04437688393780422,0.07465483229229462,-0.4242425709078034,-0.36705552185742446,0.6460754235874142,-0.27576972193291327,0.186026267340411,0.06463250994339885,0.09579007844976961,-0.06670506313696202,0.07006323869387004,0.09688062006510764,0.13521645618203565,0.7801193217972054,1.0,0.6466712435770088,0.7910107271464063,0.4698964554628121,0.420344201493246,0.46372046797333094,0.1556291242164356,0.3737332572031882,0.11355153141823515,0.025845074223712267,-0.396690379887447,-0.48113742254430925,-0.3457425457822636,-0.3661244421621664,-0.3987553458403859,-0.4059776660537804,0.09981441785271764,0.099952824464241,0.2209208958280459,-0.3487964193599561,-0.40571084917791234,-0.07243139009500786
dtcpb,0.028053809600516684,0.09542208259304721,0.23815529087214515,-0.39206306746097186,0.08942026785155542,0.12197886067531966,0.04198919592747805,0.07279127187255159,-0.42415256353476755,-0.3654263526736437,0.6486841431376159,-0.275693844689128,0.18710698552453306,0.06185849377879933,0.09402848884415606,-0.06684687437434811,0.06638113341048532,0.09610767883028191,0.13183474968321712,0.7798048894863532,0.6466712435770088,1.0,0.7909936910874609,0.4717542639694812,0.4232224837195568,0.46415240822915493,0.15620560249129156,0.37019456258615585,0.11095947145973198,0.03211979963939387,-0.39657927568575796,-0.4792617835708337,-0.3453948503153685,-0.3659336520684165,-0.3987905056702687,-0.4053475565300409,0.10112448474185833,0.10098777469252701,0.22237667700848698,-0.3478807572579017,-0.4059753728497862,-0.07269640659766775
dwin,0.03599097031126503,0.1206033080661283,0.3005535969835482,-0.4942213616778044,0.11724699588578592,0.16017418822013887,0.0554624682909317,0.09737326091247202,-0.536065226248543,-0.4630385450037613,0.8161985031898761,-0.34842498845179865,0.2393751986079943,0.08105816031367524,0.12407574635488623,-0.08430521333493708,0.0862693833870359,0.12328201997331015,0.1705022959845045,0.9855965563789695,0.7910107271464063,0.7909936910874609,1.0,0.5902493694731364,0.5275264750652183,0.5830434213465664,0.19778543315009356,0.47291992817034467,0.14400720985488064,0.040712476542213966,-0.5010433781575866,-0.6092272223139382,-0.43672773308263413,-0.46261660723879117,-0.5039148493527907,-0.5125920560398861,0.13246606583266773,0.1324421218711263,0.2767189005150926,-0.4406863142238261,-0.5128889760050741,-0.091880483866506
tcprtt,0.060164970354699254,0.07122448047728931,0.12699690199824876,-0.36522466954836874,0.040953846557063876,0.03100269422468209,0.0383275822086112,0.011892823623419563,-0.31855082844627436,-0.059836640342186366,0.7517067579479789,-0.20656816765061844,-0.11347618367381547,0.0466881815138057,0.019622844259390676,-0.043563771922214466,0.09959189526401417,0.13158905907866017,0.10269325380722767,0.5819667424477855,0.4698964554628121,0.4717542639694812,0.5902493694731364,1.0,0.9459757089674959,0.9276028489485331,0.16304742013542856,0.09166725186392018,0.08328163514537877,0.012047957802263526,-0.3237510360285105,-0.14691019728441534,-0.2934544394086633,-0.27869764272665615,-0.2955378578173331,-0.303197711181655,0.06460686076708202,0.06431955027267008,0.16905405124635892,-0.2971179246780023,-0.33612263695582184,-0.05426169343386375
synack,0.055348518400125196,0.06365817748535882,0.08993519116563474,-0.33592531574472095,0.03373912952144691,0.022298985799091533,0.03183915383607508,0.005728302668785003,-0.2847082178698652,-0.04613440858058016,0.6705886037618062,-0.18462733956851382,-0.10153072722123722,0.039408018103913166,0.01215865093343056,-0.03851263736466108,0.09144808911680748,0.12223836385633423,0.09093501391341988,0.5201650472580555,0.420344201493246,0.4232224837195568,0.5275264750652183,0.9459757089674959,1.0,0.7563650489933418,0.14332488522841952,0.0692630599667714,0.0677355417368946,0.008336416811018228,-0.28545446805598734,-0.12425045590352024,-0.26120107947999827,-0.2482170796408907,-0.26393592258080417,-0.2682295643555922,0.050715150296506015,0.05047578564652651,0.14236421491649373,-0.26433034267045924,-0.29686976711568563,-0.048497377420258246
ackdat,0.0576135479506576,0.07035221709884498,0.15259831155692072,-0.3498075485383689,0.04375216967219964,0.03685637944425798,0.040642719590011776,0.017393971633428932,-0.3146523928986583,-0.06756711090393736,0.7439560150991114,-0.20403462020353663,-0.11196052502525232,0.04878983249538816,0.025580623804788583,-0.04351793672719644,0.09556558527314234,0.12464513239714783,0.10241371774063157,0.5748146212567103,0.46372046797333094,0.46415240822915493,0.5830434213465664,0.9276028489485331,0.7563650489933418,1.0,0.16381775255915276,0.1051379218823492,0.08997984356502746,0.014702035458202723,-0.3242840346440603,-0.1532373400021497,-0.29110395931986227,-0.2762915152509097,-0.29215633031301386,-0.3026632106673004,0.07191337133809342,0.0716095041163671,0.17704297126134136,-0.2948896899103124,-0.3360917090016594,-0.05359716787021359
smean,0.10131991918144337,0.03664914422416923,0.20858665028216744,-0.10454914058311025,0.22738678970305237,0.02440181490108525,0.2355571145398616,-0.03094613359094179,-0.13377467914354343,-0.02142420637475144,0.22081239116538945,0.2234443504183258,-0.07551036573936779,0.23532091755034693,-0.024886088621026363,-0.04202619696071444,0.003719077195844214,-1.176411677606076e-06,-0.022053815827225907,0.19102259117878295,0.1556291242164356,0.15620560249129156,0.19778543315009356,0.16304742013542856,0.14332488522841952,0.16381775255915276,1.0,-0.08160321912838238,0.04049903514844334,-0.014839761627835922,-0.19401279985759395,-0.089425785945769,-0.18245194926008276,-0.1857114392204594,-0.21603077564751622,-0.17895252370690012,-0.043239306717863475,-0.04324060604914357,0.026023167906626777,-0.18016082746717726,-0.1980307490813577,-0.04630619518847899
dmean,0.03186984350106562,0.06513705241952361,0.17865061403400698,-0.2852825347085162,0.10533291452464928,0.38578104099458116,-0.006637929993531627,0.36936569994297686,-0.27352581942070503,-0.5563257215297689,0.22184250281742007,-0.17863209867828653,0.49344619019828834,0.009083774430586385,0.3771610881569602,-0.04830839071385604,-0.013136919731468258,-0.0016678575324811675,0.17686902573581356,0.46565371476440015,0.3737332572031882,0.37019456258615585,0.47291992817034467,0.09166725186392018,0.0692630599667714,0.1051379218823492,-0.08160321912838238,1.0,0.10640538046787236,0.17331760730378956,-0.24980645491858575,-0.43297012251714745,-0.2126346561195472,-0.24288104936157143,-0.26054160317323993,-0.27940372528260915,-0.019673787308525568,-0.0196741653438743,0.19749325450695038,-0.21508546311255974,-0.25259321387960637,-0.04708709137350923
trans_depth,-0.0005012694906481974,0.01736702603520422,0.1781643122616803,-0.06450634107187926,0.006668046250784966,0.023232944445300677,0.00243704046430735,0.023756685258032217,-0.07759178910510235,-0.07855036053363432,0.14436270901628823,-0.05032751775065831,-0.01986824326201884,0.002778964378048441,0.022187862091030568,-0.013189255266618773,0.001295761467607193,0.0036781731901020273,0.04755977957921253,0.1419426026818346,0.11355153141823515,0.11095947145973198,0.14400720985488064,0.08328163514537877,0.0677355417368946,0.08997984356502746,0.04049903514844334,0.10640538046787236,1.0,0.03963901796421894,-0.09156982438364994,-0.07831957509920623,-0.06763503352803063,-0.06889723894500423,-0.07271527334931135,-0.08105847602290425,-0.015094864033008224,-0.01509213555427219,0.28160177979890366,-0.06839493214476006,-0.0921249333537011,-0.013230903704248738
response_body_len,0.07640564661253832,0.004909855838320839,0.051716206759511,-0.027890645847906424,0.06566044121196803,0.38790678491617464,0.0007307711910988937,0.4098510247584608,-0.021916616066491146,-0.051047729843669794,0.019881456380506247,-0.014244448495778583,0.023412922183895964,-0.0017694623729482613,0.40244898655702427,-0.003946499235311683,-0.0027151281091442074,-0.0016028613044327016,0.011637571248327922,0.04012878860612724,0.025845074223712267,0.03211979963939387,0.040712476542213966,0.012047957802263526,0.008336416811018228,0.014702035458202723,-0.014839761627835922,0.17331760730378956,0.03963901796421894,1.0,-0.02685461190746919,-0.025437076381065755,-0.015680646190986067,-0.019741757432576935,-0.02069878605105669,-0.019837015215579564,-0.004267489790761422,-0.00426671841878191,0.08761341926697296,-0.01743255880397366,-0.02634095873876111,-0.003740527000240788
ct_srv_src,-0.12300588293014786,0.20488322854662197,-0.06920111186154206,0.42296624580689696,-0.0688076838889953,-0.0786797165164996,-0.038318543272394964,-0.046022859420039794,0.3703241379449895,0.36394849345503805,-0.46566516475187153,0.12704830183903815,-0.07655144737480082,-0.04816784123633852,-0.05926694523572065,-0.0808859455838952,-0.04786941012745421,-0.051067496440105734,-0.09232563548870668,-0.494571034507871,-0.396690379887447,-0.39657927568575796,-0.5010433781575866,-0.3237510360285105,-0.28545446805598734,-0.3242840346440603,-0.19401279985759395,-0.24980645491858575,-0.09156982438364994,-0.02685461190746919,1.0,0.3585689686224024,0.8498809378501361,0.869519449281633,0.8263243745311144,0.9603018449535042,-0.0927128902058427,-0.092681552869617,-0.17179233690240744,0.8025565863992162,0.9843631234873038,-0.07697825322837433
ct_state_ttl,0.17245830405093468,-0.13095888940510114,-0.20808686072019505,0.694902785672865,-0.06776457047121291,-0.1211845436438347,-0.013473113678923577,-0.07073117266860696,0.40990610808797645,0.6181372621627201,-0.3313902615133491,0.2601109338740866,-0.3501469199681679,-0.03236577640160857,-0.09144803207959189,0.08159059914541081,-0.05068262773644038,-0.04605268426409294,-0.11253838816453605,-0.5380162952147809,-0.48113742254430925,-0.4792617835708337,-0.6092272223139382,-0.14691019728441534,-0.12425045590352024,-0.1532373400021497,-0.089425785945769,-0.43297012251714745,-0.07831957509920623,-0.025437076381065755,0.3585689686224024,1.0,0.29714154761708644,0.3278369934700931,0.36144803826141064,0.4041487097288924,-0.07829477304131655,-0.07850097074310396,-0.1474378010677835,0.29591538443338655,0.3600419032279035,0.06683732941048054
ct_dst_ltm,-0.09413697962660875,0.1924194007728596,0.03343281932790472,0.35683873505396246,-0.056780315249315545,-0.0669437742589944,-0.02942238405881714,-0.03947178137269894,0.3247307397354199,0.27861171439743615,-0.41074498932061715,0.07117072174020453,-0.08894415971746965,-0.038387807596674525,-0.05045179840980166,-0.06420688713947383,-0.047093171088968495,-0.05136734663601877,-0.06961663880172922,-0.4335608681256493,-0.3457425457822636,-0.3453948503153685,-0.43672773308263413,-0.2934544394086633,-0.26120107947999827,-0.29110395931986227,-0.18245194926008276,-0.2126346561195472,-0.06763503352803063,-0.015680646190986067,0.8498809378501361,0.29714154761708644,1.0,0.9700430932912212,0.8783680241288884,0.8640133474477364,-0.05241650082508789,-0.05229459820774936,-0.1216165465967144,0.9111051064692778,0.8597549339157995,-0.0590447730570273
ct_src_dport_ltm,-0.10243994010626972,0.18163359000524965,0.02823880199017673,0.39274296698276756,-0.061712375179840975,-0.07665602519243234,-0.02893343709626157,-0.045594514292732806,0.3536053355408021,0.33751396400911776,-0.3999823037214991,0.08897572693051971,-0.126506094667288,-0.03949880778499966,-0.058185203721787065,-0.05722922377691086,-0.043666271087233345,-0.04887328747658938,-0.07738759609626296,-0.46951468183635336,-0.3661244421621664,-0.3659336520684165,-0.46261660723879117,-0.27869764272665615,-0.2482170796408907,-0.2762915152509097,-0.1857114392204594,-0.24288104936157143,-0.06889723894500423,-0.019741757432576935,0.869519449281633,0.3278369934700931,0.9700430932912212,1.0,0.9074729369297367,0.8766818556270166,-0.06595672173513488,-0.0659261099982461,-0.12702513168683394,0.9188204949255973,0.8736953284905116,-0.0508637412212503
ct_dst_sport_ltm,-0.10219536813973526,0.17152286752325985,0.03981910812434546,0.42915901275733626,-0.06518315906066087,-0.08293981210092172,-0.029905781034436495,-0.04961678707438197,0.38730693902788493,0.37002595667423394,-0.42515591568566835,0.07091339915814945,-0.1361641763392465,-0.041324358866674994,-0.06300585686410375,-0.055732084960374934,-0.04413415435128017,-0.049715773557172015,-0.08098086981186223,-0.5107337388151473,-0.3987553458403859,-0.3987905056702687,-0.5039148493527907,-0.2955378578173331,-0.26393592258080417,-0.29215633031301386,-0.21603077564751622,-0.26054160317323993,-0.07271527334931135,-0.02069878605105669,0.8263243745311144,0.36144803826141064,0.8783680241288884,0.9074729369297367,1.0,0.8439513740496631,-0.0673931548474402,-0.06735416842320625,-0.13112219070421705,0.8261300814626443,0.8333116110285497,-0.048996352179889915
ct_dst_src_ltm,-0.10901110496591575,0.18076342348783697,-0.017061889922013716,0.4468402940046487,-0.07101022169871209,-0.08599480734708036,-0.03461045780496326,-0.05059485015391271,0.3820822978211237,0.3931869994677861,-0.4386525368719753,0.1340794504892223,-0.14295621889476687,-0.046134637715477024,-0.06482857453499892,-0.07139712556847522,-0.04855958461862809,-0.05315479215156869,-0.08769059576565748,-0.504074121885085,-0.4059776660537804,-0.4053475565300409,-0.5125920560398861,-0.303197711181655,-0.2682295643555922,-0.3026632106673004,-0.17895252370690012,-0.27940372528260915,-0.08105847602290425,-0.019837015215579564,0.9603018449535042,0.4041487097288924,0.8640133474477364,0.8766818556270166,0.8439513740496631,1.0,-0.06647434177246186,-0.06641742880851151,-0.1485865396256849,0.8105111153903061,0.9659342587488056,-0.06691043747640385
is_ftp_login,0.022755077599312327,0.015975183578762046,0.06829205344678378,-0.06259702372811148,0.0065707014707719735,0.010697918008612032,-0.005011169022571671,-0.008701419503707172,-0.07126948706836914,-0.13543693451012115,0.11642261570411216,-0.04632393620353146,-0.023420529747939806,0.0033015779555168913,0.006906311843744954,-0.011743367889695829,0.0024606071389690507,0.005134789288758231,0.09667831371838494,0.13056692210243742,0.09981441785271764,0.10112448474185833,0.13246606583266773,0.06460686076708202,0.050715150296506015,0.07191337133809342,-0.043239306717863475,-0.019673787308525568,-0.015094864033008224,-0.004267489790761422,-0.0927128902058427,-0.07829477304131655,-0.05241650082508789,-0.06595672173513488,-0.0673931548474402,-0.06647434177246186,1.0,0.998972132103558,-0.02900572952457116,-0.051755999451412155,-0.09008636660689917,-0.012170541758838381
ct_ftp_cmd,0.022680658950400754,0.015972295977482082,0.06827970928685638,-0.06268561798948691,0.006592530847872568,0.01072778111954665,-0.005009919456708873,-0.008698323966740928,-0.07125387873098561,-0.135531708142768,0.11601723523166008,-0.04631506047005839,-0.023357119936728378,0.0033039788660089923,0.006914796751588879,-0.011745159600189044,0.0024348877847858216,0.00509965022242541,0.09641261056899271,0.1305433214214489,0.099952824464241,0.10098777469252701,0.1324421218711263,0.06431955027267008,0.05047578564652651,0.0716095041163671,-0.04324060604914357,-0.0196741653438743,-0.01509213555427219,-0.00426671841878191,-0.092681552869617,-0.07850097074310396,-0.05229459820774936,-0.0659261099982461,-0.06735416842320625,-0.06641742880851151,0.998972132103558,1.0,-0.029000486581272023,-0.05166781113166248,-0.09005499346553353,-0.01216834186725154
ct_flw_http_mthd,0.00903771665994497,0.033371831552890155,0.34051251637751734,-0.12511424641114702,0.0054385421767121946,0.052037032018949256,-0.0037534986608301433,0.054386908854488374,-0.149105185144833,-0.17856526870313025,0.28170979013103886,-0.09674472450712975,-0.038909006706782025,-0.0031689436112387805,0.0517929298161507,-0.022733752699856304,0.02378985573670907,0.041239711920185385,0.10125064069166115,0.27275162812993137,0.2209208958280459,0.22237667700848698,0.2767189005150926,0.16905405124635892,0.14236421491649373,0.17704297126134136,0.026023167906626777,0.19749325450695038,0.28160177979890366,0.08761341926697296,-0.17179233690240744,-0.1474378010677835,-0.1216165465967144,-0.12702513168683394,-0.13112219070421705,-0.1485865396256849,-0.02900572952457116,-0.029000486581272023,1.0,-0.1249645118100528,-0.16988033913283465,-0.02542401265568833
ct_src_ltm,-0.09210188821263103,0.16895114772339834,0.0067465238020998014,0.3594331544626032,-0.05803447918466311,-0.07026100207082529,-0.02993242403316026,-0.04213634289718246,0.32655926756648995,0.28571066240110593,-0.41240396343573377,0.08374382703676045,-0.08780904030151503,-0.039947980639206356,-0.05327362975994536,-0.07174210376507971,-0.04859483331705064,-0.052851735959271784,-0.07460217087784429,-0.43910897562186124,-0.3487964193599561,-0.3478807572579017,-0.4406863142238261,-0.2971179246780023,-0.26433034267045924,-0.2948896899103124,-0.18016082746717726,-0.21508546311255974,-0.06839493214476006,-0.01743255880397366,0.8025565863992162,0.29591538443338655,0.9111051064692778,0.9188204949255973,0.8261300814626443,0.8105111153903061,-0.051755999451412155,-0.05166781113166248,-0.1249645118100528,1.0,0.8015895091115098,-0.06684400305872476
ct_srv_dst,-0.12537892817290752,0.2027696408148564,-0.057646302939363445,0.42636118978969756,-0.06926794543240306,-0.07869099826572157,-0.03840728928498205,-0.04578007771711926,0.3764384221927364,0.35959699029591397,-0.4789332106035693,0.1303049935719334,-0.08192588213095572,-0.04850334577515829,-0.05922549685443498,-0.07859825369117708,-0.051201160807021695,-0.055369068182882,-0.09301197738369289,-0.5072832632897555,-0.40571084917791234,-0.4059753728497862,-0.5128889760050741,-0.33612263695582184,-0.29686976711568563,-0.3360917090016594,-0.1980307490813577,-0.25259321387960637,-0.0921249333537011,-0.02634095873876111,0.9843631234873038,0.3600419032279035,0.8597549339157995,0.8736953284905116,0.8333116110285497,0.9659342587488056,-0.09008636660689917,-0.09005499346553353,-0.16988033913283465,0.8015895091115098,1.0,-0.07418202122405826
is_sm_ips_ports,0.02594654960077938,-0.5038773931072169,-0.07617304857175593,0.07827335365676466,-0.012541531517077665,-0.015026073212947012,-0.0054575456846869515,-0.008981011359919836,-0.06258085457825004,-0.19841879299184295,-0.0779100386499609,-0.040619196856401966,-0.024448784436204227,-0.007491623482166592,-0.011399811152306847,0.9386258542293432,-0.009956354682694865,-0.011553810379473617,-0.015801909792369163,-0.09268638191698969,-0.07243139009500786,-0.07269640659766775,-0.091880483866506,-0.05426169343386375,-0.048497377420258246,-0.05359716787021359,-0.04630619518847899,-0.04708709137350923,-0.013230903704248738,-0.003740527000240788,-0.07697825322837433,0.06683732941048054,-0.0590447730570273,-0.0508637412212503,-0.048996352179889915,-0.06691043747640385,-0.012170541758838381,-0.01216834186725154,-0.02542401265568833,-0.06684400305872476,-0.07418202122405826,1.0
