dataset,config_id,seed,test_position,source_row_index,actual_class,predicted_class,explained_class,model_probability,local_surrogate_prediction,weighted_r2,weighted_rmse,weighted_mae,rank,feature,scaled_value,lime_weight
UNSW-NB15,batch032-adamw,1349501436,0,158164,Normal,Normal,Normal,1.0,1.0042454415706503,0.04183276734423269,0.027957432055784624,0.005543932917174545,1,ct_state_ttl,0.0,0.01033860192585942
UNSW-NB15,batch032-adamw,1349501436,0,158164,Normal,Normal,Normal,1.0,1.0042454415706503,0.04183276734423269,0.027957432055784624,0.005543932917174545,2,sttl,0.12156862765550613,0.010211595830952429
UNSW-NB15,batch032-adamw,1349501436,0,158164,Normal,Normal,Normal,1.0,1.0042454415706503,0.04183276734423269,0.027957432055784624,0.005543932917174545,3,swin,1.0,0.004571579192382519
UNSW-NB15,batch032-adamw,1349501436,0,158164,Normal,Normal,Normal,1.0,1.0042454415706503,0.04183276734423269,0.027957432055784624,0.005543932917174545,4,dttl,0.11417322605848312,0.004499263211145768
UNSW-NB15,batch032-adamw,1349501436,0,158164,Normal,Normal,Normal,1.0,1.0042454415706503,0.04183276734423269,0.027957432055784624,0.005543932917174545,5,stcpb,0.8537415266036987,0.00317706545213545
UNSW-NB15,batch032-adamw,1349501436,0,158164,Normal,Normal,Normal,1.0,1.0042454415706503,0.04183276734423269,0.027957432055784624,0.005543932917174545,6,state,0.375,0.0023309865113439318
UNSW-NB15,batch032-adamw,1349501436,0,158164,Normal,Normal,Normal,1.0,1.0042454415706503,0.04183276734423269,0.027957432055784624,0.005543932917174545,7,ct_dst_sport_ltm,0.0,0.0021450748708021126
UNSW-NB15,batch032-adamw,1349501436,0,158164,Normal,Normal,Normal,1.0,1.0042454415706503,0.04183276734423269,0.027957432055784624,0.005543932917174545,8,dinpkt,6.981577826081775e-06,0.0017913452058539933
UNSW-NB15,batch032-adamw,1349501436,0,158164,Normal,Normal,Normal,1.0,1.0042454415706503,0.04183276734423269,0.027957432055784624,0.005543932917174545,9,dtcpb,0.8550212383270264,0.0017370367507713825
UNSW-NB15,batch032-adamw,1349501436,0,158164,Normal,Normal,Normal,1.0,1.0042454415706503,0.04183276734423269,0.027957432055784624,0.005543932917174545,10,dload,0.06441152840852737,-0.0017161319904651978
UNSW-NB15,batch032-adamw,1349501436,0,158164,Normal,Normal,Normal,1.0,1.0042454415706503,0.04183276734423269,0.027957432055784624,0.005543932917174545,11,sloss,0.00037601051735691726,0.0016852897523156316
UNSW-NB15,batch032-adamw,1349501436,0,158164,Normal,Normal,Normal,1.0,1.0042454415706503,0.04183276734423269,0.027957432055784624,0.005543932917174545,12,ackdat,4.028984039905481e-05,0.001440799655113783
UNSW-NB15,batch032-adamw,1349501436,0,158164,Normal,Normal,Normal,1.0,1.0042454415706503,0.04183276734423269,0.027957432055784624,0.005543932917174545,13,sbytes,7.105166878318414e-05,-0.0013865176667645026
UNSW-NB15,batch032-adamw,1349501436,0,158164,Normal,Normal,Normal,1.0,1.0042454415706503,0.04183276734423269,0.027957432055784624,0.005543932917174545,14,dloss,0.00036317415651865304,0.001351052424108956
UNSW-NB15,batch032-adamw,1349501436,0,158164,Normal,Normal,Normal,1.0,1.0042454415706503,0.04183276734423269,0.027957432055784624,0.005543932917174545,15,sload,0.00029710677335970104,-0.001345292229480572
UNSW-NB15,batch032-adamw,1349501436,0,158164,Normal,Normal,Normal,1.0,1.0042454415706503,0.04183276734423269,0.027957432055784624,0.005543932917174545,16,ct_flw_http_mthd,0.0625,0.0011344932342913921
UNSW-NB15,batch032-adamw,1349501436,0,158164,Normal,Normal,Normal,1.0,1.0042454415706503,0.04183276734423269,0.027957432055784624,0.005543932917174545,17,response_body_len,1.265618993784301e-05,-0.0010442787281994671
UNSW-NB15,batch032-adamw,1349501436,0,158164,Normal,Normal,Normal,1.0,1.0042454415706503,0.04183276734423269,0.027957432055784624,0.005543932917174545,18,dmean,0.0558202862739563,0.001013418176969135
UNSW-NB15,batch032-adamw,1349501436,0,158164,Normal,Normal,Normal,1.0,1.0042454415706503,0.04183276734423269,0.027957432055784624,0.005543932917174545,19,is_sm_ips_ports,0.0,-0.0009860394579822174
UNSW-NB15,batch032-adamw,1349501436,0,158164,Normal,Normal,Normal,1.0,1.0042454415706503,0.04183276734423269,0.027957432055784624,0.005543932917174545,20,spkts,0.0006575857405550778,0.0008939385407412037
UNSW-NB15,batch032-adamw,1349501436,0,158164,Normal,Normal,Normal,1.0,1.0042454415706503,0.04183276734423269,0.027957432055784624,0.005543932917174545,21,dpkts,0.0009076057467609644,-0.0008582872441092823
UNSW-NB15,batch032-adamw,1349501436,0,158164,Normal,Normal,Normal,1.0,1.0042454415706503,0.04183276734423269,0.027957432055784624,0.005543932917174545,22,sinpkt,6.259732344915392e-06,-0.0007977937557217148
UNSW-NB15,batch032-adamw,1349501436,0,158164,Normal,Normal,Normal,1.0,1.0042454415706503,0.04183276734423269,0.027957432055784624,0.005543932917174545,23,tcprtt,0.00015821140550542623,0.0007768167289458413
UNSW-NB15,batch032-adamw,1349501436,0,158164,Normal,Normal,Normal,1.0,1.0042454415706503,0.04183276734423269,0.027957432055784624,0.005543932917174545,24,rate,0.004136253148317337,0.0007239673323955917
UNSW-NB15,batch032-adamw,1349501436,0,158164,Normal,Normal,Normal,1.0,1.0042454415706503,0.04183276734423269,0.027957432055784624,0.005543932917174545,25,dur,6.850001227576286e-05,0.0005674448547281457
UNSW-NB15,batch032-adamw,1349501436,0,158164,Normal,Normal,Normal,1.0,1.0042454415706503,0.04183276734423269,0.027957432055784624,0.005543932917174545,26,ct_dst_ltm,0.017241379246115685,0.00038113072436587986
UNSW-NB15,batch032-adamw,1349501436,0,158164,Normal,Normal,Normal,1.0,1.0042454415706503,0.04183276734423269,0.027957432055784624,0.005543932917174545,27,dbytes,5.621683521894738e-05,-0.0003007732366487463
UNSW-NB15,batch032-adamw,1349501436,0,158164,Normal,Normal,Normal,1.0,1.0042454415706503,0.04183276734423269,0.027957432055784624,0.005543932917174545,28,is_ftp_login,0.0,-0.0002954038165892311
UNSW-NB15,batch032-adamw,1349501436,0,158164,Normal,Normal,Normal,1.0,1.0042454415706503,0.04183276734423269,0.027957432055784624,0.005543932917174545,29,ct_srv_src,0.06451612710952759,-0.0002873922569201254
UNSW-NB15,batch032-adamw,1349501436,0,158164,Normal,Normal,Normal,1.0,1.0042454415706503,0.04183276734423269,0.027957432055784624,0.005543932917174545,30,synack,0.00015018378326203674,0.00021074117339800718
UNSW-NB15,batch032-adamw,1349501436,0,158164,Normal,Normal,Normal,1.0,1.0042454415706503,0.04183276734423269,0.027957432055784624,0.005543932917174545,31,djit,1.5761964959892794e-06,-0.00020137648987032217
UNSW-NB15,batch032-adamw,1349501436,0,158164,Normal,Normal,Normal,1.0,1.0042454415706503,0.04183276734423269,0.027957432055784624,0.005543932917174545,32,smean,0.07229729741811752,0.00017972266567720018
UNSW-NB15,batch032-adamw,1349501436,0,158164,Normal,Normal,Normal,1.0,1.0042454415706503,0.04183276734423269,0.027957432055784624,0.005543932917174545,33,proto,0.8549618124961853,0.0001682775717439709
UNSW-NB15,batch032-adamw,1349501436,0,158164,Normal,Normal,Normal,1.0,1.0042454415706503,0.04183276734423269,0.027957432055784624,0.005543932917174545,34,ct_src_ltm,0.11864406615495682,0.00016346472820410129
UNSW-NB15,batch032-adamw,1349501436,0,158164,Normal,Normal,Normal,1.0,1.0042454415706503,0.04183276734423269,0.027957432055784624,0.005543932917174545,35,service,0.4166666567325592,-0.00012758846566291604
UNSW-NB15,batch032-adamw,1349501436,0,158164,Normal,Normal,Normal,1.0,1.0042454415706503,0.04183276734423269,0.027957432055784624,0.005543932917174545,36,trans_depth,0.0058139534667134285,7.653117684805615e-05
UNSW-NB15,batch032-adamw,1349501436,0,158164,Normal,Normal,Normal,1.0,1.0042454415706503,0.04183276734423269,0.027957432055784624,0.005543932917174545,37,ct_dst_src_ltm,0.0,6.197793937656699e-05
UNSW-NB15,batch032-adamw,1349501436,0,158164,Normal,Normal,Normal,1.0,1.0042454415706503,0.04183276734423269,0.027957432055784624,0.005543932917174545,38,sjit,2.3200494979391806e-05,-1.9608436230128972e-06
UNSW-NB15,batch032-adamw,1349501436,1,137888,Exploits,Exploits,Exploits,0.9181996583938599,0.9128975086801339,0.9416549876613415,0.0770112892710919,0.047460109161814874,1,dttl,0.9921259880065918,0.8420985371480386
UNSW-NB15,batch032-adamw,1349501436,1,137888,Exploits,Exploits,Exploits,0.9181996583938599,0.9128975086801339,0.9416549876613415,0.0770112892710919,0.047460109161814874,2,sttl,0.24313725531101227,0.30214439952455757
UNSW-NB15,batch032-adamw,1349501436,1,137888,Exploits,Exploits,Exploits,0.9181996583938599,0.9128975086801339,0.9416549876613415,0.0770112892710919,0.047460109161814874,3,smean,0.015540540218353271,0.10586436317502017
UNSW-NB15,batch032-adamw,1349501436,1,137888,Exploits,Exploits,Exploits,0.9181996583938599,0.9128975086801339,0.9416549876613415,0.0770112892710919,0.047460109161814874,4,ct_dst_sport_ltm,0.0,0.04564915720353993
UNSW-NB15,batch032-adamw,1349501436,1,137888,Exploits,Exploits,Exploits,0.9181996583938599,0.9128975086801339,0.9416549876613415,0.0770112892710919,0.047460109161814874,5,ct_dst_ltm,0.0,0.03173821827944138
UNSW-NB15,batch032-adamw,1349501436,1,137888,Exploits,Exploits,Exploits,0.9181996583938599,0.9128975086801339,0.9416549876613415,0.0770112892710919,0.047460109161814874,6,dtcpb,0.7668617367744446,-0.029054884249642653
UNSW-NB15,batch032-adamw,1349501436,1,137888,Exploits,Exploits,Exploits,0.9181996583938599,0.9128975086801339,0.9416549876613415,0.0770112892710919,0.047460109161814874,7,ct_dst_src_ltm,0.0,-0.02022444472624311
UNSW-NB15,batch032-adamw,1349501436,1,137888,Exploits,Exploits,Exploits,0.9181996583938599,0.9128975086801339,0.9416549876613415,0.0770112892710919,0.047460109161814874,8,stcpb,0.7887647151947021,-0.018794780989215543
UNSW-NB15,batch032-adamw,1349501436,1,137888,Exploits,Exploits,Exploits,0.9181996583938599,0.9128975086801339,0.9416549876613415,0.0770112892710919,0.047460109161814874,9,ct_srv_src,0.032258063554763794,0.018146977259522294
UNSW-NB15,batch032-adamw,1349501436,1,137888,Exploits,Exploits,Exploits,0.9181996583938599,0.9128975086801339,0.9416549876613415,0.0770112892710919,0.047460109161814874,10,rate,1.3801963177684229e-05,0.018123657695561967
UNSW-NB15,batch032-adamw,1349501436,1,137888,Exploits,Exploits,Exploits,0.9181996583938599,0.9128975086801339,0.9416549876613415,0.0770112892710919,0.047460109161814874,11,synack,0.04034018889069557,0.018104669350414562
UNSW-NB15,batch032-adamw,1349501436,1,137888,Exploits,Exploits,Exploits,0.9181996583938599,0.9128975086801339,0.9416549876613415,0.0770112892710919,0.047460109161814874,12,tcprtt,0.0490439310669899,0.016375295827372717
UNSW-NB15,batch032-adamw,1349501436,1,137888,Exploits,Exploits,Exploits,0.9181996583938599,0.9128975086801339,0.9416549876613415,0.0770112892710919,0.047460109161814874,13,swin,1.0,0.015494749643929474
UNSW-NB15,batch032-adamw,1349501436,1,137888,Exploits,Exploits,Exploits,0.9181996583938599,0.9128975086801339,0.9416549876613415,0.0770112892710919,0.047460109161814874,14,ct_state_ttl,0.1666666716337204,-0.01453432015872318
UNSW-NB15,batch032-adamw,1349501436,1,137888,Exploits,Exploits,Exploits,0.9181996583938599,0.9128975086801339,0.9416549876613415,0.0770112892710919,0.047460109161814874,15,dur,0.04950987547636032,0.011828261027149933
UNSW-NB15,batch032-adamw,1349501436,1,137888,Exploits,Exploits,Exploits,0.9181996583938599,0.9128975086801339,0.9416549876613415,0.0770112892710919,0.047460109161814874,16,ct_src_ltm,0.033898305147886276,0.009554758438746282
UNSW-NB15,batch032-adamw,1349501436,1,137888,Exploits,Exploits,Exploits,0.9181996583938599,0.9128975086801339,0.9416549876613415,0.0770112892710919,0.047460109161814874,17,dload,0.0003501039755064994,0.006623804848784267
UNSW-NB15,batch032-adamw,1349501436,1,137888,Exploits,Exploits,Exploits,0.9181996583938599,0.9128975086801339,0.9416549876613415,0.0770112892710919,0.047460109161814874,18,ackdat,0.019187184050679207,-0.006394273527848069
UNSW-NB15,batch032-adamw,1349501436,1,137888,Exploits,Exploits,Exploits,0.9181996583938599,0.9128975086801339,0.9416549876613415,0.0770112892710919,0.047460109161814874,19,is_ftp_login,0.0,-0.006011259962037514
UNSW-NB15,batch032-adamw,1349501436,1,137888,Exploits,Exploits,Exploits,0.9181996583938599,0.9128975086801339,0.9416549876613415,0.0770112892710919,0.047460109161814874,20,is_sm_ips_ports,0.0,0.005889741127243795
UNSW-NB15,batch032-adamw,1349501436,1,137888,Exploits,Exploits,Exploits,0.9181996583938599,0.9128975086801339,0.9416549876613415,0.0770112892710919,0.047460109161814874,21,trans_depth,0.0,0.005499343499922477
UNSW-NB15,batch032-adamw,1349501436,1,137888,Exploits,Exploits,Exploits,0.9181996583938599,0.9128975086801339,0.9416549876613415,0.0770112892710919,0.047460109161814874,22,dmean,0.10415248572826385,-0.004680495581551274
UNSW-NB15,batch032-adamw,1349501436,1,137888,Exploits,Exploits,Exploits,0.9181996583938599,0.9128975086801339,0.9416549876613415,0.0770112892710919,0.047460109161814874,23,spkts,0.0019727570470422506,-0.00365667545187988
UNSW-NB15,batch032-adamw,1349501436,1,137888,Exploits,Exploits,Exploits,0.9181996583938599,0.9128975086801339,0.9416549876613415,0.0770112892710919,0.047460109161814874,24,sjit,0.005073247943073511,-0.00364649869094601
UNSW-NB15,batch032-adamw,1349501436,1,137888,Exploits,Exploits,Exploits,0.9181996583938599,0.9128975086801339,0.9416549876613415,0.0770112892710919,0.047460109161814874,25,service,0.0,-0.003579716916059848
UNSW-NB15,batch032-adamw,1349501436,1,137888,Exploits,Exploits,Exploits,0.9181996583938599,0.9128975086801339,0.9416549876613415,0.0770112892710919,0.047460109161814874,26,dinpkt,0.002591129392385483,-0.003481231164237829
UNSW-NB15,batch032-adamw,1349501436,1,137888,Exploits,Exploits,Exploits,0.9181996583938599,0.9128975086801339,0.9416549876613415,0.0770112892710919,0.047460109161814874,27,proto,0.8549618124961853,-0.003314713319571174
UNSW-NB15,batch032-adamw,1349501436,1,137888,Exploits,Exploits,Exploits,0.9181996583938599,0.9128975086801339,0.9416549876613415,0.0770112892710919,0.047460109161814874,28,dbytes,0.00020931220205966383,0.0029129199714359637
UNSW-NB15,batch032-adamw,1349501436,1,137888,Exploits,Exploits,Exploits,0.9181996583938599,0.9128975086801339,0.9416549876613415,0.0770112892710919,0.047460109161814874,29,sinpkt,0.001676594140008092,0.0026379785391640906
UNSW-NB15,batch032-adamw,1349501436,1,137888,Exploits,Exploits,Exploits,0.9181996583938599,0.9128975086801339,0.9416549876613415,0.0770112892710919,0.047460109161814874,30,sloss,0.0013160367961972952,0.0023371880105878696
UNSW-NB15,batch032-adamw,1349501436,1,137888,Exploits,Exploits,Exploits,0.9181996583938599,0.9128975086801339,0.9416549876613415,0.0770112892710919,0.047460109161814874,31,dpkts,0.0018152114935219288,-0.002264498342607378
UNSW-NB15,batch032-adamw,1349501436,1,137888,Exploits,Exploits,Exploits,0.9181996583938599,0.9128975086801339,0.9416549876613415,0.0770112892710919,0.047460109161814874,32,dloss,0.0014526966260746121,-0.001717272640232179
UNSW-NB15,batch032-adamw,1349501436,1,137888,Exploits,Exploits,Exploits,0.9181996583938599,0.9128975086801339,0.9416549876613415,0.0770112892710919,0.047460109161814874,33,sload,4.438970790943131e-07,-0.0016433499127641216
UNSW-NB15,batch032-adamw,1349501436,1,137888,Exploits,Exploits,Exploits,0.9181996583938599,0.9128975086801339,0.9416549876613415,0.0770112892710919,0.047460109161814874,34,sbytes,7.035508315311745e-05,0.0011637668928747374
UNSW-NB15,batch032-adamw,1349501436,1,137888,Exploits,Exploits,Exploits,0.9181996583938599,0.9128975086801339,0.9416549876613415,0.0770112892710919,0.047460109161814874,35,djit,0.00042329091229476035,0.000735450899933871
UNSW-NB15,batch032-adamw,1349501436,1,137888,Exploits,Exploits,Exploits,0.9181996583938599,0.9128975086801339,0.9416549876613415,0.0770112892710919,0.047460109161814874,36,state,0.375,-0.00021223012180045781
UNSW-NB15,batch032-adamw,1349501436,1,137888,Exploits,Exploits,Exploits,0.9181996583938599,0.9128975086801339,0.9416549876613415,0.0770112892710919,0.047460109161814874,37,ct_flw_http_mthd,0.0,-9.989106726300382e-05
UNSW-NB15,batch032-adamw,1349501436,1,137888,Exploits,Exploits,Exploits,0.9181996583938599,0.9128975086801339,0.9416549876613415,0.0770112892710919,0.047460109161814874,38,response_body_len,0.0,8.269797363163721e-05
