feature,mean_absolute_shap
dttl,0.22065055943344727
swin,0.1474226813271741
sttl,0.12938724084886452
dmean,0.09208504107541873
ct_dst_src_ltm,0.07993564633203765
ct_srv_src,0.07637831076012877
ct_dst_sport_ltm,0.07514825433424344
smean,0.06890800667536334
ct_state_ttl,0.061906791276651815
service,0.053711505979285756
dur,0.038558202900746255
rate,0.03762598906157846
dtcpb,0.03409263690523898
state,0.03194920770623664
sload,0.03166693383748734
spkts,0.02929516302748202
ct_flw_http_mthd,0.028808886862486588
stcpb,0.02861540812160408
ct_dst_ltm,0.02840809918376248
dloss,0.027885089439089173
dinpkt,0.027034298365233606
sloss,0.026711705885504984
synack,0.02646857374216043
response_body_len,0.026168311923109984
dload,0.02603739722516818
is_sm_ips_ports,0.025361818648381596
tcprtt,0.02513963267073373
sjit,0.023896293989531022
sinpkt,0.023148668116742332
ct_src_ltm,0.023141479264327736
proto,0.022720959928300716
ackdat,0.02220690196931985
dbytes,0.02199992189791371
is_ftp_login,0.021753245338136943
sbytes,0.02156056016470488
trans_depth,0.02030211863760852
djit,0.018141126514750125
dpkts,0.01362429027839076
