Attack,Model,Paper_Precision,Paper_Recall,Paper_F1,Ours_Precision,Ours_Recall,Ours_F1,Delta_Precision,Delta_Recall,Delta_F1
DoS,DNN,1.00,0.99,1.00,1.00,1.00,1.00,0.00,+0.01,0.00
DoS,1D-CNN,1.00,0.99,0.99,1.00,1.00,1.00,0.00,+0.01,+0.01
DoS,2D-CNN,1.00,1.00,1.00,1.00,1.00,1.00,0.00,0.00,0.00
Normal,DNN,0.99,1.00,0.99,1.00,1.00,1.00,+0.01,0.00,+0.01
Normal,1D-CNN,0.98,0.99,0.99,1.00,0.99,1.00,+0.02,0.00,+0.01
Normal,2D-CNN,0.99,1.00,0.99,1.00,1.00,1.00,+0.01,0.00,+0.01
Probe,DNN,0.99,0.99,0.99,0.99,1.00,0.99,0.00,+0.01,0.00
Probe,1D-CNN,0.98,0.99,0.98,0.99,0.99,0.99,+0.01,0.00,+0.01
Probe,2D-CNN,0.98,0.99,0.99,0.99,0.99,0.99,+0.01,0.00,0.00
R2L,DNN,0.80,0.54,0.06,0.84,0.96,0.90,+0.04,+0.42,+0.84*
R2L,1D-CNN,0.85,0.70,0.77,0.87,0.97,0.92,+0.02,+0.27,+0.15
R2L,2D-CNN,0.93,0.51,0.66,0.87,0.96,0.91,-0.06,+0.45,+0.25
U2R,DNN,0.83,0.38,0.53,1.00,0.08,0.14,+0.17,-0.30,-0.39
U2R,1D-CNN,0.58,0.54,0.56,0.70,0.54,0.61,+0.12,0.00,+0.05
U2R,2D-CNN,0.60,0.23,0.33,1.00,0.08,0.14,+0.40,-0.15,-0.19
Accuracy,DNN,0.99,0.99,0.99,0.997,0.997,0.997,+0.007,+0.007,+0.007
Accuracy,1D-CNN,0.99,0.99,0.99,0.995,0.995,0.995,+0.005,+0.005,+0.005
Accuracy,2D-CNN,0.99,0.99,0.99,0.996,0.996,0.996,+0.006,+0.006,+0.006
